id,disorder
16783,3
16784,6
16785,5
16786,1
16787,1
16788,3
16789,3
16790,9
16791,1
16792,8
16793,3
16794,1
16795,3
16796,6
16797,3
16798,7
16799,7
16800,8
16801,2
16802,7
16803,7
16804,7
16805,1
16806,7
16807,1
16808,6
16809,3
16810,8
16811,1
16812,5
16813,2
16814,2
16815,7
16816,7
16817,5
16818,1
16819,5
16820,1
16821,6
16822,0
16823,1
16824,6
16825,1
16826,6
16827,1
16828,1
16829,1
16830,3
16831,6
16832,3
16833,7
16834,9
16835,7
16836,2
16837,5
16838,6
16839,7
16840,1
16841,3
16842,3
16843,5
16844,6
16845,5
16846,2
16847,7
16848,1
16849,0
16850,4
16851,5
16852,1
16853,6
16854,2
16855,2
16856,5
16857,7
16858,1
16859,7
16860,1
16861,2
16862,7
16863,5
16864,7
16865,5
16866,7
16867,5
16868,3
16869,8
16870,5
16871,6
16872,3
16873,3
16874,1
16875,5
16876,6
16877,5
16878,1
16879,7
16880,7
16881,6
16882,9
16883,5
16884,3
16885,7
16886,4
16887,1
16888,3
16889,7
16890,7
16891,1
16892,1
16893,6
16894,0
16895,0
16896,7
16897,8
16898,7
16899,1
16900,6
16901,1
16902,5
16903,5
16904,7
16905,1
16906,3
16907,7
16908,2
16909,1
16910,9
16911,5
16912,1
16913,0
16914,6
16915,1
16916,6
16917,7
16918,1
16919,2
16920,9
16921,6
16922,3
16923,2
16924,7
16925,3
16926,1
16927,7
16928,7
16929,6
16930,1
16931,9
16932,3
16933,3
16934,7
16935,2
16936,5
16937,1
16938,3
16939,3
16940,5
16941,0
16942,7
16943,3
16944,2
16945,2
16946,3
16947,3
16948,1
16949,7
16950,0
16951,6
16952,2
16953,7
16954,3
16955,3
16956,2
16957,1
16958,7
16959,3
16960,2
16961,1
16962,0
16963,1
16964,5
16965,2
16966,7
16967,7
16968,8
16969,7
16970,6
16971,0
16972,2
16973,3
16974,3
16975,3
16976,3
16977,5
16978,7
16979,3
16980,3
16981,7
16982,2
16983,3
16984,6
16985,1
16986,9
16987,1
16988,3
16989,6
16990,1
16991,2
16992,0
16993,3
16994,1
16995,7
16996,6
16997,6
16998,3
16999,1
17000,3
17001,2
17002,2
17003,3
17004,6
17005,3
17006,7
17007,7
17008,7
17009,3
17010,7
17011,2
17012,4
17013,5
17014,3
17015,5
17016,1
17017,8
17018,1
17019,7
17020,1
17021,1
17022,2
17023,3
17024,3
17025,3
17026,3
17027,1
17028,1
17029,2
17030,6
17031,7
17032,1
17033,5
17034,7
17035,1
17036,3
17037,1
17038,6
17039,7
17040,7
17041,3
17042,5
17043,3
17044,7
17045,3
17046,5
17047,6
17048,6
17049,1
17050,0
17051,3
17052,3
17053,8
17054,5
17055,7
17056,4
17057,7
17058,6
17059,5
17060,4
17061,5
17062,0
17063,7
17064,7
17065,5
17066,3
17067,6
17068,6
17069,2
17070,3
17071,7
17072,7
17073,6
17074,6
17075,5
17076,0
17077,7
17078,1
17079,2
17080,1
17081,0
17082,1
17083,2
17084,6
17085,6
17086,4
17087,3
17088,1
17089,3
17090,6
17091,7
17092,3
17093,6
17094,1
17095,1
17096,7
17097,1
17098,0
17099,7
17100,6
17101,6
17102,4
17103,8
17104,3
17105,1
17106,0
17107,3
17108,1
17109,6
17110,5
17111,3
17112,7
17113,3
17114,6
17115,7
17116,3
17117,1
17118,7
17119,1
17120,6
17121,0
17122,3
17123,7
17124,3
17125,3
17126,7
17127,3
17128,1
17129,5
17130,9
17131,7
17132,5
17133,3
17134,5
17135,7
17136,3
17137,7
17138,1
17139,3
17140,0
17141,5
17142,3
17143,3
17144,3
17145,1
17146,3
17147,1
17148,3
17149,6
17150,8
17151,2
17152,8
17153,4
17154,3
17155,8
17156,7
17157,7
17158,7
17159,1
17160,3
17161,6
17162,6
17163,7
17164,5
17165,1
17166,1
17167,3
17168,0
17169,4
17170,5
17171,9
17172,7
17173,3
17174,1
17175,2
17176,3
17177,9
17178,6
17179,6
17180,0
17181,3
17182,3
17183,5
17184,6
17185,8
17186,3
17187,1
17188,8
17189,5
17190,1
17191,3
17192,3
17193,2
17194,6
17195,5
17196,7
17197,6
17198,3
17199,5
17200,7
17201,6
17202,3
17203,0
17204,3
17205,4
17206,7
17207,7
17208,3
17209,5
17210,7
17211,7
17212,1
17213,1
17214,3
17215,6
17216,7
17217,6
17218,3
17219,5
17220,5
17221,2
17222,3
17223,7
17224,6
17225,5
17226,6
17227,7
17228,7
17229,3
17230,2
17231,1
17232,9
17233,1
17234,5
17235,3
17236,6
17237,3
17238,1
17239,2
17240,7
17241,2
17242,5
17243,6
17244,7
17245,3
17246,7
17247,5
17248,7
17249,3
17250,1
17251,8
17252,2
17253,1
17254,9
17255,7
17256,3
17257,7
17258,2
17259,6
17260,3
17261,3
17262,3
17263,1
17264,7
17265,7
17266,2
17267,1
17268,3
17269,8
17270,7
17271,3
17272,2
17273,5
17274,1
17275,6
17276,6
17277,7
17278,1
17279,7
17280,6
17281,3
17282,1
17283,3
17284,0
17285,6
17286,2
17287,7
17288,1
17289,5
17290,7
17291,7
17292,1
17293,5
17294,1
17295,6
17296,7
17297,3
17298,5
17299,5
17300,5
17301,3
17302,6
17303,2
17304,2
17305,6
17306,6
17307,1
17308,1
17309,8
17310,1
17311,5
17312,3
17313,5
17314,7
17315,2
17316,7
17317,5
17318,8
17319,3
17320,6
17321,1
17322,5
17323,8
17324,6
17325,2
17326,2
17327,1
17328,1
17329,0
17330,7
17331,5
17332,7
17333,1
17334,6
17335,1
17336,7
17337,6
17338,7
17339,3
17340,6
17341,3
17342,3
17343,3
17344,3
17345,1
17346,6
17347,1
17348,1
17349,7
17350,3
17351,3
17352,5
17353,6
17354,5
17355,6
17356,8
17357,3
17358,7
17359,7
17360,6
17361,7
17362,5
17363,1
17364,1
17365,3
17366,3
17367,6
17368,1
17369,5
17370,7
17371,2
17372,1
17373,6
17374,7
17375,0
17376,3
17377,6
17378,3
17379,5
17380,5
17381,1
17382,7
17383,2
17384,8
17385,3
17386,7
17387,6
17388,3
17389,7
17390,6
17391,1
17392,7
17393,5
17394,1
17395,1
17396,7
17397,1
17398,6
17399,6
17400,6
17401,3
17402,6
17403,1
17404,5
17405,5
17406,5
17407,1
17408,7
17409,4
17410,1
17411,6
17412,1
17413,1
17414,1
17415,2
17416,6
17417,1
17418,0
17419,1
17420,7
17421,2
17422,5
17423,7
17424,5
17425,7
17426,6
17427,6
17428,7
17429,3
17430,4
17431,1
17432,8
17433,2
17434,9
17435,5
17436,1
17437,6
17438,6
17439,6
17440,3
17441,3
17442,3
17443,7
17444,3
17445,8
17446,5
17447,4
17448,7
17449,2
17450,3
17451,6
17452,6
17453,2
17454,6
17455,1
17456,7
17457,6
17458,6
17459,2
17460,2
17461,1
17462,3
17463,6
17464,3
17465,7
17466,0
17467,6
17468,5
17469,7
17470,3
17471,6
17472,7
17473,1
17474,2
17475,3
17476,6
17477,1
17478,6
17479,5
17480,6
17481,7
17482,0
17483,6
17484,5
17485,1
17486,5
17487,5
17488,1
17489,6
17490,3
17491,6
17492,1
17493,6
17494,6
17495,1
17496,3
17497,2
17498,1
17499,3
17500,5
17501,1
17502,2
17503,3
17504,3
17505,3
17506,6
17507,7
17508,3
17509,5
17510,3
17511,5
17512,7
17513,1
17514,1
17515,6
17516,6
17517,1
17518,1
17519,7
17520,2
17521,2
17522,5
17523,3
17524,3
17525,1
17526,6
17527,1
17528,1
17529,6
17530,7
17531,8
17532,1
17533,1
17534,5
17535,3
17536,1
17537,0
17538,5
17539,1
17540,6
17541,7
17542,3
17543,1
17544,1
17545,7
17546,5
17547,2
17548,9
17549,4
17550,6
17551,7
17552,1
17553,1
17554,3
17555,5
17556,0
17557,6
17558,1
17559,1
17560,3
17561,5
17562,7
17563,7
17564,7
17565,6
17566,7
17567,1
17568,6
17569,3
17570,7
17571,3
17572,9
17573,0
17574,5
17575,2
17576,6
17577,7
17578,9
17579,3
17580,7
17581,7
17582,6
17583,3
17584,5
17585,1
17586,6
17587,2
17588,7
17589,4
17590,3
17591,3
17592,2
17593,1
17594,3
17595,3
17596,7
17597,1
17598,5
17599,3
17600,5
17601,6
17602,0
17603,1
17604,3
17605,6
17606,5
17607,3
17608,4
17609,1
17610,7
17611,9
17612,2
17613,7
17614,3
17615,7
17616,2
17617,3
17618,5
17619,0
17620,3
17621,3
17622,5
17623,5
17624,7
17625,2
17626,2
17627,6
17628,6
17629,2
17630,5
17631,6
17632,2
17633,5
17634,6
17635,9
17636,4
17637,3
17638,1
17639,5
17640,3
17641,3
17642,7
17643,4
17644,3
17645,1
17646,3
17647,3
17648,3
17649,6
17650,1
17651,9
17652,1
17653,5
17654,5
17655,5
17656,4
17657,7
17658,3
17659,7
17660,1
17661,2
17662,6
17663,1
17664,3
17665,3
17666,8
17667,3
17668,3
17669,3
17670,3
17671,1
17672,3
17673,6
17674,0
17675,3
17676,7
17677,3
17678,3
17679,6
17680,1
17681,5
17682,7
17683,8
17684,1
17685,6
17686,7
17687,7
17688,1
17689,2
17690,1
17691,8
17692,3
17693,1
17694,5
17695,3
17696,2
17697,7
17698,8
17699,7
17700,2
17701,7
17702,1
17703,6
17704,7
17705,6
17706,2
17707,2
17708,7
17709,6
17710,3
17711,7
17712,5
17713,5
17714,5
17715,6
17716,5
17717,3
17718,1
17719,2
17720,7
17721,5
17722,3
17723,6
17724,7
17725,3
17726,9
17727,5
17728,0
17729,5
17730,9
17731,3
17732,1
17733,7
17734,7
17735,7
17736,7
17737,3
17738,5
17739,6
17740,7
17741,5
17742,5
17743,6
17744,6
17745,1
17746,7
17747,0
17748,8
17749,2
17750,3
17751,1
17752,6
17753,6
17754,5
17755,5
17756,7
17757,9
17758,1
17759,7
17760,7
17761,7
17762,7
17763,6
17764,4
17765,7
17766,9
17767,3
17768,3
17769,7
17770,3
17771,5
17772,6
17773,1
17774,7
17775,3
17776,7
17777,1
17778,1
17779,3
17780,5
17781,6
17782,7
17783,3
17784,7
17785,3
17786,3
17787,6
17788,1
17789,9
17790,1
17791,7
17792,6
17793,3
17794,3
17795,1
17796,5
17797,8
17798,5
17799,0
17800,3
17801,2
17802,6
17803,7
17804,7
17805,4
17806,6
17807,1
17808,3
17809,3
17810,4
17811,6
17812,6
17813,3
17814,1
17815,1
17816,3
17817,0
17818,0
17819,7
17820,1
17821,7
17822,3
17823,3
17824,6
17825,1
17826,3
17827,5
17828,0
17829,4
17830,7
17831,5
17832,7
17833,5
17834,6
17835,5
17836,9
17837,6
17838,9
17839,8
17840,7
17841,5
17842,6
17843,3
17844,1
17845,6
17846,0
17847,5
17848,7
17849,3
17850,1
17851,2
17852,1
17853,6
17854,5
17855,0
17856,6
17857,1
17858,6
17859,6
17860,3
17861,3
17862,7
17863,5
17864,7
17865,6
17866,7
17867,6
17868,1
17869,3
17870,2
17871,3
17872,1
17873,7
17874,3
17875,0
17876,3
17877,6
17878,1
17879,7
17880,7
17881,6
17882,1
17883,1
17884,7
17885,7
17886,1
17887,3
17888,5
17889,3
17890,6
17891,5
17892,5
17893,7
17894,6
17895,7
17896,7
17897,6
17898,5
17899,6
17900,7
17901,8
17902,2
17903,9
17904,2
17905,3
17906,8
17907,2
17908,7
17909,6
17910,3
17911,6
17912,2
17913,6
17914,3
17915,7
17916,3
17917,6
17918,9
17919,8
17920,7
17921,7
17922,7
17923,1
17924,3
17925,0
17926,5
17927,7
17928,8
17929,3
17930,1
17931,1
17932,1
17933,2
17934,2
17935,2
17936,3
17937,7
17938,3
17939,5
17940,9
17941,7
17942,6
17943,5
17944,3
17945,6
17946,5
17947,1
17948,3
17949,9
17950,5
17951,7
17952,3
17953,9
17954,5
17955,1
17956,7
17957,3
17958,3
17959,3
17960,1
17961,6
17962,3
17963,3
17964,9
17965,1
17966,7
17967,7
17968,5
17969,7
17970,7
17971,4
17972,7
17973,2
17974,3
17975,0
17976,5
17977,5
17978,3
17979,3
17980,9
17981,0
17982,6
17983,5
17984,6
17985,6
17986,6
17987,1
17988,7
17989,0
17990,1
17991,7
17992,7
17993,3
17994,7
17995,5
17996,1
17997,2
17998,1
17999,7
18000,4
18001,3
18002,3
18003,5
18004,3
18005,3
18006,1
18007,1
18008,7
18009,5
18010,6
18011,6
18012,1
18013,2
18014,6
18015,3
18016,7
18017,1
18018,7
18019,3
18020,3
18021,1
18022,1
18023,1
18024,2
18025,9
18026,1
18027,1
18028,3
18029,6
18030,6
18031,2
18032,1
18033,6
18034,5
18035,1
18036,6
18037,5
18038,6
18039,3
18040,1
18041,6
18042,1
18043,6
18044,3
18045,6
18046,6
18047,3
18048,7
18049,4
18050,3
18051,2
18052,7
18053,6
18054,2
18055,2
18056,5
18057,3
18058,5
18059,5
18060,6
18061,1
18062,3
18063,5
18064,7
18065,2
18066,3
18067,1
18068,7
18069,6
18070,2
18071,3
18072,0
18073,7
18074,1
18075,0
18076,5
18077,5
18078,3
18079,4
18080,3
18081,5
18082,7
18083,3
18084,6
18085,1
18086,3
18087,7
18088,1
18089,7
18090,3
18091,3
18092,1
18093,7
18094,3
18095,0
18096,5
18097,1
18098,8
18099,6
18100,1
18101,6
18102,5
18103,6
18104,3
18105,1
18106,6
18107,3
18108,2
18109,5
18110,2
18111,1
18112,3
18113,2
18114,5
18115,6
18116,6
18117,1
18118,7
18119,5
18120,5
18121,1
18122,1
18123,6
18124,0
18125,1
18126,1
18127,3
18128,2
18129,3
18130,7
18131,3
18132,3
18133,7
18134,6
18135,6
18136,6
18137,1
18138,3
18139,2
18140,7
18141,5
18142,3
18143,1
18144,0
18145,1
18146,2
18147,3
18148,3
18149,1
18150,8
18151,1
18152,3
18153,9
18154,6
18155,0
18156,3
18157,7
18158,3
18159,1
18160,2
18161,1
18162,3
18163,5
18164,1
18165,7
18166,7
18167,2
18168,3
18169,3
18170,7
18171,3
18172,5
18173,5
18174,0
18175,2
18176,5
18177,3
18178,7
18179,3
18180,7
18181,6
18182,7
18183,7
18184,5
18185,6
18186,3
18187,2
18188,5
18189,5
18190,3
18191,2
18192,5
18193,7
18194,0
18195,3
18196,1
18197,4
18198,2
18199,3
18200,6
18201,4
18202,1
18203,3
18204,6
18205,3
18206,7
18207,5
18208,0
18209,5
18210,3
18211,1
18212,9
18213,3
18214,1
18215,6
18216,6
18217,1
18218,1
18219,3
18220,6
18221,4
18222,3
18223,6
18224,1
18225,0
18226,7
18227,0
18228,7
18229,3
18230,3
18231,3
18232,1
18233,3
18234,7
18235,7
18236,1
18237,0
18238,2
18239,7
18240,7
18241,8
18242,4
18243,2
18244,6
18245,3
18246,7
18247,0
18248,7
18249,7
18250,1
18251,6
18252,3
18253,5
18254,5
18255,3
18256,2
18257,3
18258,3
18259,2
18260,9
18261,3
18262,3
18263,7
18264,5
18265,3
18266,6
18267,6
18268,1
18269,5
18270,5
18271,3
18272,1
18273,3
18274,1
18275,6
18276,5
18277,2
18278,9
18279,5
18280,7
18281,1
18282,2
18283,7
18284,5
18285,1
18286,7
18287,7
18288,7
18289,1
18290,1
18291,6
18292,0
18293,4
18294,3
18295,3
18296,8
18297,3
18298,5
18299,3
18300,6
18301,3
18302,6
18303,2
18304,5
18305,5
18306,7
18307,6
18308,0
18309,5
18310,1
18311,6
18312,7
18313,7
18314,1
18315,1
18316,1
18317,7
18318,6
18319,3
18320,7
18321,3
18322,3
18323,9
18324,7
18325,3
18326,9
18327,7
18328,7
18329,6
18330,3
18331,5
18332,3
18333,0
18334,7
18335,1
18336,2
18337,3
18338,3
18339,2
18340,0
18341,1
18342,5
18343,7
18344,6
18345,5
18346,5
18347,3
18348,6
18349,7
18350,5
18351,2
18352,2
18353,1
18354,5
18355,4
18356,2
18357,3
18358,1
18359,2
18360,7
18361,7
18362,7
18363,6
18364,6
18365,7
18366,1
18367,6
18368,0
18369,5
18370,1
18371,6
18372,3
18373,2
18374,0
18375,7
18376,3
18377,2
18378,3
18379,3
18380,5
18381,4
18382,3
18383,6
18384,7
18385,6
18386,7
18387,7
18388,7
18389,3
18390,7
18391,9
18392,3
18393,6
18394,7
18395,6
18396,5
18397,8
18398,7
18399,1
18400,7
18401,8
18402,9
18403,7
18404,3
18405,7
18406,7
18407,7
18408,7
18409,0
18410,2
18411,7
18412,7
18413,1
18414,6
18415,3
18416,7
18417,3
18418,1
18419,6
18420,5
18421,3
18422,5
18423,1
18424,6
18425,5
18426,7
18427,2
18428,3
18429,7
18430,6
18431,3
18432,7
18433,6
18434,3
18435,3
18436,5
18437,3
18438,7
18439,6
18440,7
18441,8
18442,9
18443,2
18444,7
18445,5
18446,0
18447,1
18448,0
18449,4
18450,4
18451,3
18452,5
18453,7
18454,1
18455,6
18456,7
18457,7
18458,7
18459,1
18460,5
18461,3
18462,7
18463,5
18464,5
18465,6
18466,1
18467,1
18468,3
18469,3
18470,6
18471,3
18472,1
18473,2
18474,1
18475,1
18476,2
18477,1
18478,6
18479,0
18480,3
18481,3
18482,1
18483,6
18484,3
18485,7
18486,1
18487,3
18488,1
18489,6
18490,3
18491,3
18492,3
18493,1
18494,1
18495,1
18496,3
18497,1
18498,2
18499,6
18500,7
18501,3
18502,3
18503,1
18504,1
18505,7
18506,7
18507,8
18508,0
18509,6
18510,5
18511,1
18512,1
18513,3
18514,7
18515,1
18516,3
18517,7
18518,5
18519,1
18520,7
18521,2
18522,8
18523,1
18524,1
18525,3
18526,3
18527,9
18528,9
18529,6
18530,7
18531,1
18532,5
18533,6
18534,3
18535,1
18536,3
18537,3
18538,5
18539,3
18540,3
18541,5
18542,1
18543,6
18544,7
18545,3
18546,1
18547,1
18548,3
18549,5
18550,1
18551,2
18552,3
18553,1
18554,1
18555,0
18556,3
18557,3
18558,1
18559,6
18560,0
18561,3
18562,0
18563,3
18564,3
18565,2
18566,6
18567,7
18568,3
18569,6
18570,2
18571,1
18572,2
18573,2
18574,7
18575,3
18576,7
18577,1
18578,1
18579,0
18580,7
18581,3
18582,8
18583,0
18584,7
18585,4
18586,1
18587,3
18588,1
18589,5
18590,4
18591,7
18592,5
18593,2
18594,7
18595,5
18596,3
18597,5
18598,7
18599,6
18600,3
18601,2
18602,7
18603,2
18604,3
18605,5
18606,1
18607,7
18608,6
18609,7
18610,1
18611,3
18612,7
18613,5
18614,7
18615,3
18616,2
18617,7
18618,0
18619,5
18620,5
18621,3
18622,1
18623,4
18624,8
18625,9
18626,6
18627,6
18628,2
18629,9
18630,0
18631,4
18632,2
18633,5
18634,3
18635,3
18636,3
18637,6
18638,6
18639,5
18640,7
18641,4
18642,7
18643,6
18644,1
18645,3
18646,7
18647,7
18648,6
18649,7
18650,2
18651,1
18652,9
18653,7
18654,1
18655,6
18656,1
18657,1
18658,0
18659,5
18660,4
18661,3
18662,1
18663,8
18664,4
18665,7
18666,3
18667,6
18668,3
18669,5
18670,6
18671,3
18672,3
18673,2
18674,7
18675,3
18676,7
18677,1
18678,3
18679,5
18680,3
18681,7
18682,1
18683,3
18684,1
18685,8
18686,1
18687,7
18688,5
18689,1
18690,7
18691,5
18692,3
18693,5
18694,3
18695,5
18696,1
18697,3
18698,7
18699,1
18700,3
18701,1
18702,8
18703,3
18704,3
18705,3
18706,7
18707,2
18708,3
18709,3
18710,7
18711,7
18712,7
18713,3
18714,1
18715,5
18716,8
18717,1
18718,9
18719,7
18720,3
18721,0
18722,3
18723,3
18724,0
18725,1
18726,9
18727,1
18728,5
18729,1
18730,1
18731,5
18732,0
18733,2
18734,3
18735,2
18736,1
18737,1
18738,4
18739,6
18740,5
18741,6
18742,6
18743,8
18744,1
18745,5
18746,5
18747,7
18748,3
18749,5
18750,2
18751,7
18752,6
18753,6
18754,8
18755,3
18756,0
18757,1
18758,3
18759,7
18760,2
18761,0
18762,6
18763,1
18764,7
18765,6
18766,8
18767,1
18768,6
18769,3
18770,3
18771,3
18772,3
18773,0
18774,0
18775,3
18776,5
18777,6
18778,1
18779,3
18780,1
18781,1
18782,2
18783,5
18784,7
18785,1
18786,8
18787,4
18788,1
18789,5
18790,5
18791,0
18792,3
18793,1
18794,3
18795,3
18796,3
18797,2
18798,5
18799,5
18800,1
18801,5
18802,7
18803,3
18804,7
18805,6
18806,1
18807,6
18808,3
18809,1
18810,1
18811,2
18812,8
18813,1
18814,6
18815,7
18816,6
18817,7
18818,1
18819,7
18820,7
18821,7
18822,0
18823,5
18824,6
18825,4
18826,5
18827,5
18828,8
18829,3
18830,1
18831,2
18832,2
18833,6
18834,5
18835,2
18836,3
18837,3
18838,9
18839,1
18840,5
18841,4
18842,6
18843,3
18844,2
18845,1
18846,2
18847,1
18848,5
18849,7
18850,2
18851,5
18852,3
18853,3
18854,2
18855,3
18856,3
18857,1
18858,6
18859,7
18860,3
18861,6
18862,9
18863,3
18864,5
18865,6
18866,8
18867,1
18868,3
18869,1
18870,1
18871,3
18872,3
18873,5
18874,2
18875,3
18876,7
18877,6
18878,6
18879,3
18880,1
18881,6
18882,3
18883,7
18884,9
18885,2
18886,1
18887,5
18888,3
18889,1
18890,6
18891,9
18892,7
18893,1
18894,2
18895,3
18896,5
18897,1
18898,1
18899,7
18900,7
18901,7
18902,3
18903,6
18904,9
18905,5
18906,6
18907,5
18908,7
18909,3
18910,5
18911,3
18912,2
18913,5
18914,1
18915,2
18916,9
18917,7
18918,8
18919,2
18920,6
18921,1
18922,6
18923,3
18924,1
18925,6
18926,6
18927,0
18928,4
18929,5
18930,0
18931,7
18932,7
18933,1
18934,3
18935,8
18936,3
18937,7
18938,7
18939,3
18940,5
18941,1
18942,5
18943,3
18944,5
18945,5
18946,2
18947,2
18948,7
18949,3
18950,3
18951,5
18952,1
18953,7
18954,7
18955,7
18956,3
18957,2
18958,3
18959,5
18960,1
18961,7
18962,7
18963,5
18964,7
18965,1
18966,9
18967,7
18968,6
18969,5
18970,1
18971,7
18972,5
18973,3
18974,3
18975,1
18976,5
18977,9
18978,1
18979,5
18980,3
18981,9
18982,6
18983,3
18984,1
18985,3
18986,5
18987,2
18988,8
18989,5
18990,1
18991,7
18992,6
18993,7
18994,3
18995,1
18996,4
18997,7
18998,1
18999,1
19000,2
19001,3
19002,7
19003,3
19004,2
19005,3
19006,1
19007,2
19008,3
19009,1
19010,7
19011,7
19012,1
19013,3
19014,9
19015,0
19016,4
19017,6
19018,1
19019,7
19020,1
19021,0
19022,6
19023,2
19024,6
19025,4
19026,5
19027,3
19028,3
19029,1
19030,5
19031,0
19032,7
19033,5
19034,6
19035,9
19036,5
19037,6
19038,3
19039,5
19040,1
19041,3
19042,2
19043,7
19044,5
19045,7
19046,4
19047,5
19048,4
19049,5
19050,2
19051,3
19052,4
19053,3
19054,7
19055,8
19056,1
19057,2
19058,3
19059,3
19060,1
19061,1
19062,5
19063,5
19064,3
19065,7
19066,5
19067,7
19068,1
19069,7
19070,5
19071,3
19072,7
19073,4
19074,1
19075,3
19076,3
19077,9
19078,1
19079,2
19080,6
19081,3
19082,1
19083,5
19084,1
19085,5
19086,5
19087,1
19088,7
19089,8
19090,3
19091,7
19092,6
19093,2
19094,3
19095,5
19096,2
19097,1
19098,0
19099,6
19100,2
19101,1
19102,3
19103,3
19104,3
19105,9
19106,6
19107,5
19108,7
19109,7
19110,0
19111,7
19112,7
19113,3
19114,7
19115,7
19116,5
19117,7
19118,7
19119,3
19120,6
19121,7
19122,1
19123,3
19124,5
19125,5
19126,6
19127,9
19128,3
19129,2
19130,1
19131,3
19132,7
19133,5
19134,3
19135,1
19136,3
19137,3
19138,7
19139,3
19140,3
19141,6
19142,3
19143,2
19144,6
19145,5
19146,1
19147,3
19148,3
19149,7
19150,7
19151,7
19152,2
19153,1
19154,7
19155,3
19156,1
19157,3
19158,3
19159,5
19160,3
19161,8
19162,3
19163,4
19164,3
19165,3
19166,9
19167,7
19168,4
19169,6
19170,2
19171,7
19172,5
19173,6
19174,7
19175,1
19176,1
19177,2
19178,3
19179,3
19180,7
19181,5
19182,7
19183,7
19184,6
19185,6
19186,6
19187,2
19188,7
19189,0
19190,7
19191,3
19192,4
19193,1
19194,3
19195,8
19196,5
19197,3
19198,3
19199,2
19200,0
19201,6
19202,1
19203,5
19204,7
19205,6
19206,4
19207,3
19208,5
19209,1
19210,1
19211,3
19212,1
19213,3
19214,8
19215,7
19216,1
19217,1
19218,9
19219,7
19220,7
19221,5
19222,1
19223,3
19224,1
19225,5
19226,1
19227,5
19228,1
19229,1
19230,6
19231,0
19232,7
19233,3
19234,5
19235,0
19236,7
19237,3
19238,5
19239,6
19240,5
19241,7
19242,0
19243,5
19244,5
19245,3
19246,3
19247,3
19248,7
19249,7
19250,5
19251,6
19252,6
19253,6
19254,5
19255,7
19256,9
19257,6
19258,6
19259,3
19260,1
19261,7
19262,7
19263,1
19264,7
19265,5
19266,3
19267,4
19268,0
19269,1
19270,7
19271,3
19272,1
19273,9
19274,7
19275,7
19276,5
19277,3
19278,3
19279,1
19280,2
19281,7
19282,8
19283,7
19284,1
19285,6
19286,4
19287,7
19288,3
19289,3
19290,3
19291,5
19292,7
19293,8
19294,5
19295,7
19296,9
19297,5
19298,3
19299,3
19300,3
19301,3
19302,3
19303,7
19304,4
19305,5
19306,6
19307,5
19308,9
19309,1
19310,1
19311,0
19312,1
19313,3
19314,9
19315,7
19316,1
19317,4
19318,7
19319,7
19320,5
19321,8
19322,5
19323,3
19324,1
19325,1
19326,1
19327,6
19328,6
19329,0
19330,6
19331,2
19332,3
19333,3
19334,7
19335,1
19336,3
19337,1
19338,8
19339,6
19340,3
19341,5
19342,9
19343,8
19344,8
19345,7
19346,1
19347,9
19348,0
19349,6
19350,6
19351,4
19352,0
19353,3
19354,0
19355,1
19356,3
19357,7
19358,7
19359,7
19360,2
19361,1
19362,1
19363,1
19364,7
19365,8
19366,2
19367,0
19368,3
19369,0
19370,0
19371,9
19372,1
19373,3
19374,7
19375,6
19376,7
19377,1
19378,0
19379,7
19380,3
19381,7
19382,6
19383,0
19384,0
19385,7
19386,3
19387,1
19388,1
19389,5
19390,7
19391,3
19392,6
19393,1
19394,8
19395,6
19396,7
19397,1
19398,6
19399,3
19400,3
19401,3
19402,5
19403,7
19404,3
19405,0
19406,6
19407,7
19408,7
19409,5
19410,5
19411,7
19412,1
19413,1
19414,0
19415,0
19416,1
19417,5
19418,2
19419,3
19420,7
19421,1
19422,4
19423,2
19424,3
19425,1
19426,3
19427,7
19428,5
19429,5
19430,7
19431,7
19432,3
19433,1
19434,9
19435,5
19436,1
19437,3
19438,1
19439,6
19440,7
19441,6
19442,1
19443,6
19444,5
19445,7
19446,7
19447,5
19448,7
19449,5
19450,7
19451,0
19452,1
19453,1
19454,3
19455,6
19456,7
19457,1
19458,7
19459,2
19460,5
19461,3
19462,6
19463,3
19464,7
19465,2
19466,6
19467,1
19468,3
19469,6
19470,9
19471,3
19472,3
19473,7
19474,7
19475,5
19476,0
19477,3
19478,7
19479,1
19480,5
19481,0
19482,7
19483,5
19484,1
19485,5
19486,2
19487,7
19488,2
19489,3
19490,0
19491,7
19492,5
19493,0
19494,0
19495,2
19496,2
19497,1
19498,7
19499,0
19500,7
19501,3
19502,3
19503,4
19504,3
19505,7
19506,2
19507,3
19508,5
19509,7
19510,5
19511,9
19512,6
19513,3
19514,3
19515,3
19516,2
19517,3
19518,7
19519,1
19520,3
19521,1
19522,2
19523,3
19524,3
19525,9
19526,1
19527,5
19528,3
19529,3
19530,5
19531,5
19532,5
19533,5
19534,6
19535,1
19536,7
19537,8
19538,7
19539,2
19540,1
19541,1
19542,6
19543,6
19544,1
19545,4
19546,6
19547,5
19548,7
19549,1
19550,7
19551,7
19552,2
19553,8
19554,6
19555,7
19556,0
19557,2
19558,1
19559,3
19560,6
19561,5
19562,3
19563,5
19564,7
19565,1
19566,6
19567,4
19568,1
19569,5
19570,4
19571,3
19572,7
19573,6
19574,1
19575,1
19576,3
19577,3
19578,1
19579,1
19580,5
19581,1
19582,2
19583,9
19584,1
19585,1
19586,7
19587,5
19588,1
19589,4
19590,6
19591,7
19592,6
19593,4
19594,7
19595,1
19596,0
19597,3
19598,2
19599,7
19600,1
19601,3
19602,9
19603,3
19604,7
19605,7
19606,3
19607,7
19608,7
19609,3
19610,7
19611,5
19612,1
19613,3
19614,3
19615,1
19616,1
19617,9
19618,1
19619,2
19620,5
19621,7
19622,7
19623,5
19624,3
19625,3
19626,1
19627,1
19628,2
19629,6
19630,3
19631,3
19632,3
19633,5
19634,3
19635,3
19636,6
19637,6
19638,6
19639,4
19640,6
19641,1
19642,3
19643,3
19644,7
19645,5
19646,5
19647,1
19648,2
19649,3
19650,1
19651,7
19652,7
19653,3
19654,1
19655,7
19656,5
19657,0
19658,8
19659,7
19660,7
19661,5
19662,3
19663,6
19664,7
19665,6
19666,2
19667,6
19668,1
19669,5
19670,7
19671,7
19672,1
19673,8
19674,6
19675,7
19676,6
19677,6
19678,6
19679,9
19680,3
19681,1
19682,1
19683,3
19684,2
19685,3
19686,5
19687,0
19688,6
19689,2
19690,2
19691,3
19692,7
19693,1
19694,3
19695,5
19696,7
19697,6
19698,1
19699,3
19700,9
19701,8
19702,6
19703,6
19704,9
19705,3
19706,2
19707,3
19708,7
19709,9
19710,3
19711,3
19712,8
19713,6
19714,3
19715,4
19716,7
19717,7
19718,0
19719,1
19720,1
19721,7
19722,7
19723,2
19724,4
19725,1
19726,5
19727,9
19728,7
19729,7
19730,5
19731,1
19732,7
19733,7
19734,7
19735,8
19736,6
19737,6
19738,7
19739,2
19740,7
19741,2
19742,3
19743,3
19744,7
19745,2
19746,3
19747,3
19748,0
19749,1
19750,2
19751,1
19752,2
19753,6
19754,1
19755,7
19756,0
19757,5
19758,7
19759,3
19760,6
19761,3
19762,3
19763,9
19764,6
19765,5
19766,1
19767,7
19768,1
19769,5
19770,3
19771,2
19772,1
19773,7
19774,6
19775,6
19776,1
19777,3
19778,7
19779,7
19780,7
19781,2
19782,9
19783,1
19784,7
19785,2
19786,3
19787,7
19788,6
19789,3
19790,6
19791,7
19792,5
19793,2
19794,1
19795,3
19796,6
19797,3
19798,3
19799,1
19800,7
19801,9
19802,5
19803,5
19804,7
19805,5
19806,5
19807,5
19808,1
19809,5
19810,2
19811,1
19812,6
19813,3
19814,7
19815,7
19816,3
19817,5
19818,7
19819,1
19820,5
19821,1
19822,0
19823,1
19824,7
19825,1
19826,1
19827,0
19828,7
19829,6
19830,7
19831,3
19832,7
19833,1
19834,1
19835,5
19836,7
19837,6
19838,5
19839,7
19840,3
19841,4
19842,6
19843,1
19844,3
19845,7
19846,3
19847,3
19848,2
19849,3
19850,6
19851,7
19852,2
19853,6
19854,1
19855,3
19856,7
19857,3
19858,6
19859,6
19860,1
19861,3
19862,1
19863,5
19864,1
19865,2
19866,1
19867,8
19868,1
19869,3
19870,5
19871,3
19872,3
19873,7
19874,3
19875,7
19876,6
19877,1
19878,7
19879,7
19880,5
19881,7
19882,1
19883,8
19884,7
19885,7
19886,5
19887,1
19888,3
19889,1
19890,1
19891,6
19892,0
19893,8
19894,3
19895,6
19896,5
19897,8
19898,5
19899,3
19900,3
19901,3
19902,9
19903,6
19904,1
19905,3
19906,1
19907,1
19908,3
19909,5
19910,7
19911,1
19912,6
19913,1
19914,7
19915,7
19916,1
19917,6
19918,5
19919,1
19920,3
19921,1
19922,6
19923,3
19924,7
19925,8
19926,3
19927,3
19928,7
19929,5
19930,2
19931,7
19932,2
19933,7
19934,3
19935,8
19936,3
19937,3
19938,7
19939,7
19940,5
19941,3
19942,3
19943,1
19944,2
19945,0
19946,3
19947,2
19948,5
19949,7
19950,6
19951,5
19952,6
19953,2
19954,3
19955,8
19956,3
19957,6
19958,1
19959,0
19960,6
19961,7
19962,1
19963,3
19964,6
19965,2
19966,6
19967,5
19968,9
19969,3
19970,7
19971,7
19972,0
19973,7
19974,2
19975,3
19976,7
19977,5
19978,5
19979,6
19980,5
19981,0
19982,6
19983,1
19984,7
19985,3
19986,2
19987,5
19988,1
19989,3
19990,3
19991,1
19992,2
19993,0
19994,3
19995,7
19996,7
19997,3
19998,0
19999,3
20000,2
20001,7
20002,7
20003,7
20004,0
20005,3
20006,3
20007,0
20008,1
20009,5
20010,3
20011,0
20012,3
20013,9
20014,3
20015,5
20016,0
20017,3
20018,6
20019,9
20020,3
20021,0
20022,6
20023,7
20024,1
20025,7
20026,5
20027,3
20028,1
20029,5
20030,6
20031,1
20032,7
20033,8
20034,3
20035,5
20036,7
20037,1
20038,5
20039,1
20040,6
20041,3
20042,5
20043,3
20044,6
20045,1
20046,1
20047,7
20048,1
20049,8
20050,3
20051,5
20052,1
20053,3
20054,7
20055,1
20056,1
20057,3
20058,7
20059,1
20060,1
20061,8
20062,3
20063,7
20064,5
20065,1
20066,3
20067,3
20068,7
20069,5
20070,1
20071,3
20072,5
20073,7
20074,7
20075,6
20076,3
20077,7
20078,6
20079,6
20080,6
20081,6
20082,6
20083,1
20084,3
20085,5
20086,1
20087,1
20088,6
20089,1
20090,2
20091,6
20092,3
20093,1
20094,6
20095,7
20096,1
20097,3
20098,1
20099,5
20100,3
20101,7
20102,5
20103,7
20104,1
20105,7
20106,2
20107,3
20108,7
20109,7
20110,6
20111,5
20112,1
20113,1
20114,0
20115,1
20116,3
20117,3
20118,3
20119,5
20120,3
20121,7
20122,5
20123,7
20124,1
20125,1
20126,3
20127,8
20128,5
20129,1
20130,1
20131,5
20132,6
20133,7
20134,1
20135,1
20136,7
20137,9
20138,5
20139,6
20140,1
20141,3
20142,5
20143,6
20144,1
20145,6
20146,7
20147,7
20148,5
20149,3
20150,1
20151,3
20152,6
20153,0
20154,1
20155,5
20156,3
20157,0
20158,3
20159,2
20160,5
20161,7
20162,1
20163,1
20164,3
20165,1
20166,2
20167,7
20168,6
20169,1
20170,1
20171,3
20172,0
20173,1
20174,7
20175,1
20176,4
20177,2
20178,5
20179,7
20180,8
20181,6
20182,4
20183,0
20184,7
20185,3
20186,6
20187,6
20188,3
20189,6
20190,1
20191,3
20192,7
20193,6
20194,7
20195,7
20196,3
20197,3
20198,6
20199,3
20200,7
20201,6
20202,7
20203,9
20204,1
20205,3
20206,4
20207,3
20208,9
20209,2
20210,6
20211,6
20212,3
20213,3
20214,3
20215,1
20216,6
20217,3
20218,1
20219,2
20220,6
20221,7
20222,5
20223,7
20224,1
20225,5
20226,1
20227,7
20228,1
20229,5
20230,7
20231,5
20232,1
20233,4
20234,1
20235,0
20236,5
20237,1
20238,7
20239,6
20240,1
20241,2
20242,3
20243,8
20244,0
20245,4
20246,7
20247,1
20248,3
20249,1
20250,1
20251,5
20252,1
20253,6
20254,5
20255,5
20256,6
20257,3
20258,8
20259,0
20260,2
20261,0
20262,3
20263,2
20264,5
20265,7
20266,3
20267,3
20268,4
20269,4
20270,6
20271,3
20272,5
20273,1
20274,3
20275,3
20276,7
20277,3
20278,7
20279,7
20280,0
20281,3
20282,1
20283,2
20284,5
20285,3
20286,3
20287,3
20288,7
20289,3
20290,7
20291,5
20292,3
20293,0
20294,5
20295,7
20296,5
20297,2
20298,1
20299,5
20300,6
20301,1
20302,7
20303,5
20304,3
20305,3
20306,7
20307,5
20308,2
20309,4
20310,1
20311,2
20312,7
20313,6
20314,0
20315,1
20316,5
20317,3
20318,3
20319,6
20320,0
20321,1
20322,7
20323,0
20324,3
20325,6
20326,3
20327,3
20328,0
20329,7
20330,3
20331,3
20332,5
20333,7
20334,6
20335,1
20336,4
20337,7
20338,2
20339,2
20340,1
20341,8
20342,1
20343,1
20344,0
20345,1
20346,6
20347,3
20348,6
20349,1
20350,0
20351,7
20352,1
20353,6
20354,5
20355,3
20356,7
20357,6
20358,1
20359,7
20360,1
20361,7
20362,1
20363,1
20364,1
20365,7
20366,2
20367,2
20368,1
20369,1
20370,7
20371,9
20372,1
20373,3
20374,0
20375,7
20376,3
20377,7
20378,7
20379,7
20380,7
20381,0
20382,6
20383,2
20384,6
20385,3
20386,3
20387,3
20388,2
20389,3
20390,6
20391,1
20392,5
20393,0
20394,7
20395,3
20396,7
20397,6
20398,0
20399,1
20400,0
20401,3
20402,1
20403,5
20404,1
20405,7
20406,7
20407,3
20408,7
20409,7
20410,2
20411,7
20412,1
20413,7
20414,7
20415,5
20416,8
20417,7
20418,1
20419,3
20420,5
20421,0
20422,7
20423,3
20424,5
20425,7
20426,3
20427,5
20428,4
20429,1
20430,1
20431,1
20432,7
20433,3
20434,7
20435,3
20436,6
20437,8
20438,3
20439,4
20440,5
20441,2
20442,1
20443,2
20444,2
20445,7
20446,3
20447,7
20448,2
20449,4
20450,7
20451,6
20452,1
20453,7
20454,1
20455,5
20456,3
20457,3
20458,6
20459,7
20460,1
20461,7
20462,7
20463,3
20464,3
20465,3
20466,6
20467,4
20468,1
20469,5
20470,5
20471,3
20472,7
20473,7
20474,4
20475,7
20476,4
20477,1
20478,7
20479,3
20480,5
20481,7
20482,6
20483,3
20484,1
20485,6
20486,1
20487,1
20488,6
20489,3
20490,7
20491,5
20492,1
20493,6
20494,2
20495,7
20496,5
20497,3
20498,6
20499,3
20500,3
20501,0
20502,2
20503,1
20504,3
20505,6
20506,7
20507,3
20508,0
20509,7
20510,3
20511,0
20512,4
20513,3
20514,5
20515,3
20516,4
20517,3
20518,3
20519,3
20520,1
20521,3
20522,1
20523,7
20524,0
20525,6
20526,1
20527,5
20528,1
20529,9
20530,3
20531,4
20532,2
20533,1
20534,0
20535,5
20536,1
20537,3
20538,7
20539,5
20540,3
20541,6
20542,0
20543,3
20544,1
20545,3
20546,1
20547,3
20548,9
20549,9
20550,1
20551,5
20552,0
20553,7
20554,6
20555,1
20556,5
20557,6
20558,2
20559,1
20560,1
20561,5
20562,2
20563,3
20564,1
20565,1
20566,1
20567,3
20568,1
20569,9
20570,7
20571,7
20572,3
20573,1
20574,7
20575,3
20576,7
20577,0
20578,8
20579,1
20580,3
20581,2
20582,7
20583,4
20584,6
20585,5
20586,5
20587,7
20588,7
20589,0
20590,3
20591,5
20592,7
20593,3
20594,7
20595,7
20596,1
20597,7
20598,7
20599,3
20600,5
20601,5
20602,0
20603,7
20604,3
20605,4
20606,6
20607,7
20608,1
20609,7
20610,5
20611,3
20612,3
20613,2
20614,2
20615,6
20616,5
20617,9
20618,7
20619,3
20620,5
20621,8
20622,2
20623,1
20624,7
20625,5
20626,6
20627,1
20628,8
20629,3
20630,4
20631,2
20632,1
20633,5
20634,5
20635,5
20636,6
20637,5
20638,1
20639,7
20640,5
20641,7
20642,7
20643,7
20644,3
20645,1
20646,5
20647,2
20648,4
20649,8
20650,4
20651,1
20652,6
20653,7
20654,3
20655,1
20656,6
20657,3
20658,6
20659,1
20660,3
20661,5
20662,3
20663,0
20664,6
20665,5
20666,3
20667,5
20668,5
20669,4
20670,7
20671,2
20672,7
20673,7
20674,3
20675,6
20676,7
20677,3
20678,6
20679,6
20680,3
20681,9
20682,9
20683,3
20684,1
20685,6
20686,1
20687,7
20688,1
20689,3
20690,1
20691,7
20692,1
20693,6
20694,3
20695,3
20696,7
20697,2
20698,2
20699,5
20700,3
20701,7
20702,5
20703,7
20704,2
20705,7
20706,9
20707,6
20708,7
20709,2
20710,7
20711,7
20712,2
20713,0
20714,1
20715,1
20716,1
20717,5
20718,7
20719,8
20720,5
20721,7
20722,7
20723,5
20724,2
20725,0
20726,0
20727,1
20728,4
20729,5
20730,3
20731,5
20732,6
20733,1
20734,2
20735,0
20736,5
20737,6
20738,1
20739,2
20740,7
20741,1
20742,7
20743,9
20744,1
20745,3
20746,1
20747,4
20748,1
20749,3
20750,7
20751,1
20752,3
20753,5
20754,5
20755,6
20756,7
20757,5
20758,2
20759,0
20760,1
20761,1
20762,1
20763,3
20764,3
20765,7
20766,3
20767,1
20768,6
20769,6
20770,3
20771,6
20772,1
20773,1
20774,7
20775,7
20776,5
20777,3
20778,5
20779,7
20780,6
20781,7
20782,1
20783,1
20784,1
20785,8
20786,2
20787,6
20788,1
20789,1
20790,3
20791,6
20792,9
20793,6
20794,3
20795,0
20796,1
20797,6
20798,3
20799,2
20800,7
20801,6
20802,0
20803,1
20804,1
20805,1
20806,7
20807,9
20808,6
20809,5
20810,7
20811,7
20812,5
20813,5
20814,3
20815,1
20816,1
20817,1
20818,3
20819,5
20820,2
20821,1
20822,1
20823,6
20824,0
20825,7
20826,7
20827,3
20828,0
20829,3
20830,3
20831,2
20832,3
20833,5
20834,7
20835,3
20836,1
20837,3
20838,1
20839,1
20840,1
20841,6
20842,5
20843,3
20844,6
20845,1
20846,3
20847,3
20848,1
20849,7
20850,3
20851,5
20852,9
20853,3
20854,1
20855,1
20856,4
20857,7
20858,2
20859,3
20860,3
20861,6
20862,5
20863,6
20864,5
20865,3
20866,7
20867,1
20868,4
20869,5
20870,2
20871,3
20872,6
20873,1
20874,1
20875,3
20876,5
20877,3
20878,7
20879,8
20880,5
20881,6
20882,3
20883,2
20884,2
20885,7
20886,7
20887,4
20888,1
20889,3
20890,7
20891,2
20892,3
20893,7
20894,7
20895,6
20896,5
20897,3
20898,2
20899,3
20900,3
20901,3
20902,3
20903,3
20904,3
20905,7
20906,1
20907,6
20908,7
20909,4
20910,6
20911,1
20912,7
20913,2
20914,6
20915,6
20916,3
20917,0
20918,8
20919,5
20920,1
20921,4
20922,3
20923,0
20924,2
20925,0
20926,4
20927,5
20928,3
20929,5
20930,1
20931,3
20932,7
20933,1
20934,7
20935,3
20936,1
20937,3
20938,7
20939,1
20940,3
20941,5
20942,2
20943,7
20944,7
20945,5
20946,2
20947,2
20948,3
20949,7
20950,9
20951,7
20952,7
20953,1
20954,1
20955,9
20956,5
20957,3
20958,3
20959,7
20960,0
20961,4
20962,5
20963,7
20964,7
20965,0
20966,3
20967,5
20968,4
20969,3
20970,7
20971,3
20972,1
20973,2
20974,6
20975,4
20976,1
20977,2
20978,2
20979,1
20980,3
20981,2
20982,9
20983,0
20984,1
20985,3
20986,2
20987,3
20988,6
20989,6
20990,3
20991,7
20992,7
20993,6
20994,9
20995,2
20996,2
20997,7
20998,5
20999,3
21000,1
21001,2
21002,7
21003,0
21004,3
21005,3
21006,9
21007,2
21008,3
21009,2
21010,7
21011,8
21012,7
21013,2
21014,2
21015,6
21016,2
21017,5
21018,2
21019,3
21020,0
21021,7
21022,6
21023,3
21024,2
21025,0
21026,7
21027,7
21028,6
21029,0
21030,8
21031,1
21032,8
21033,2
21034,7
21035,1
21036,3
21037,7
21038,7
21039,4
21040,0
21041,3
21042,6
21043,6
21044,3
21045,7
21046,5
21047,3
21048,7
21049,7
21050,7
21051,2
21052,3
21053,3
21054,3
21055,6
21056,2
21057,5
21058,5
21059,1
21060,6
21061,1
21062,5
21063,9
21064,1
21065,7
21066,7
21067,0
21068,5
21069,3
21070,9
21071,1
21072,1
21073,5
21074,1
21075,6
21076,3
21077,6
21078,1
21079,4
21080,6
21081,1
21082,3
21083,6
21084,0
21085,3
21086,5
21087,3
21088,7
21089,7
21090,3
21091,9
21092,3
21093,1
21094,6
21095,7
21096,7
21097,7
21098,3
21099,5
21100,1
21101,5
21102,1
21103,1
21104,6
21105,5
21106,3
21107,9
21108,6
21109,7
21110,8
21111,1
21112,1
21113,5
21114,3
21115,2
21116,7
21117,7
21118,1
21119,5
21120,0
21121,6
21122,6
21123,6
21124,7
21125,2
21126,8
21127,1
21128,3
21129,2
21130,1
21131,3
21132,1
21133,7
21134,6
21135,5
21136,0
21137,8
21138,7
21139,3
21140,7
21141,2
21142,5
21143,5
21144,3
21145,7
21146,2
21147,0
21148,5
21149,0
21150,3
21151,1
21152,6
21153,1
21154,6
21155,1
21156,1
21157,6
21158,7
21159,7
21160,8
21161,4
21162,1
21163,5
21164,3
21165,9
21166,3
21167,6
21168,7
21169,1
21170,7
21171,1
21172,2
21173,2
21174,7
21175,4
21176,0
21177,0
21178,5
21179,0
21180,6
21181,3
21182,2
21183,7
21184,1
21185,5
21186,5
21187,6
21188,2
21189,3
21190,1
21191,7
21192,6
21193,1
21194,1
21195,3
21196,5
21197,1
21198,7
21199,2
21200,6
21201,7
21202,1
21203,1
21204,5
21205,2
21206,3
21207,7
21208,6
21209,3
21210,0
21211,3
21212,7
21213,5
21214,3
21215,3
21216,1
21217,6
21218,1
21219,3
21220,3
21221,1
21222,6
21223,7
21224,2
21225,3
21226,1
21227,5
21228,1
21229,1
21230,5
21231,9
21232,7
21233,7
21234,3
21235,6
21236,7
21237,5
21238,7
21239,1
21240,8
21241,7
21242,8
21243,7
21244,7
21245,1
21246,8
21247,6
21248,8
21249,3
21250,1
21251,1
21252,5
21253,9
21254,0
21255,0
21256,6
21257,1
21258,8
21259,3
21260,7
21261,1
21262,7
21263,7
21264,3
21265,1
21266,7
21267,1
21268,3
21269,3
21270,7
21271,2
21272,5
21273,3
21274,7
21275,6
21276,2
21277,7
21278,6
21279,1
21280,3
21281,3
21282,3
21283,9
21284,5
21285,1
21286,3
21287,1
21288,6
21289,7
21290,1
21291,7
21292,6
21293,6
21294,7
21295,5
21296,8
21297,7
21298,1
21299,5
21300,1
21301,3
21302,7
21303,0
21304,1
21305,1
21306,3
21307,7
21308,3
21309,7
21310,5
21311,7
21312,7
21313,2
21314,3
21315,9
21316,0
21317,6
21318,7
21319,3
21320,3
21321,6
21322,7
21323,3
21324,5
21325,2
21326,3
21327,2
21328,3
21329,1
21330,7
21331,2
21332,0
21333,1
21334,5
21335,9
21336,2
21337,7
21338,1
21339,6
21340,1
21341,9
21342,7
21343,7
21344,1
21345,3
21346,3
21347,2
21348,3
21349,2
21350,2
21351,6
21352,7
21353,7
21354,3
21355,5
21356,7
21357,1
21358,5
21359,7
21360,6
21361,7
21362,3
21363,6
21364,1
21365,2
21366,0
21367,1
21368,1
21369,6
21370,0
21371,5
21372,6
21373,1
21374,5
21375,1
21376,6
21377,7
21378,5
21379,7
21380,7
21381,3
21382,1
21383,1
21384,2
21385,7
21386,2
21387,5
21388,7
21389,3
21390,1
21391,7
21392,5
21393,7
21394,7
21395,5
21396,3
21397,5
21398,0
21399,1
21400,7
21401,2
21402,6
21403,5
21404,2
21405,3
21406,3
21407,6
21408,3
21409,6
21410,6
21411,9
21412,6
21413,6
21414,6
21415,1
21416,3
21417,0
21418,0
21419,3
21420,7
21421,6
21422,7
21423,1
21424,5
21425,0
21426,0
21427,0
21428,6
21429,3
21430,5
21431,7
21432,1
21433,7
21434,6
21435,8
21436,1
21437,7
21438,0
21439,6
21440,1
21441,7
21442,7
21443,2
21444,6
21445,1
21446,5
21447,7
21448,2
21449,6
21450,2
21451,5
21452,7
21453,7
21454,5
21455,5
21456,5
21457,7
21458,5
21459,5
21460,1
21461,6
21462,5
21463,3
21464,1
21465,3
21466,7
21467,3
21468,1
21469,0
21470,7
21471,8
21472,7
21473,4
21474,1
21475,1
21476,7
21477,0
21478,5
21479,5
21480,7
21481,3
21482,6
21483,5
21484,3
21485,7
21486,3
21487,9
21488,6
21489,7
21490,3
21491,1
21492,2
21493,7
21494,7
21495,5
21496,3
21497,5
21498,7
21499,7
21500,3
21501,1
21502,7
21503,2
21504,5
21505,0
21506,5
21507,3
21508,3
21509,3
21510,1
21511,9
21512,3
21513,3
21514,1
21515,5
21516,5
21517,5
21518,8
21519,0
21520,7
21521,3
21522,6
21523,2
21524,3
21525,9
21526,7
21527,1
21528,3
21529,2
21530,2
21531,2
21532,6
21533,2
21534,6
21535,2
21536,3
21537,1
21538,5
21539,7
21540,2
21541,3
21542,5
21543,3
21544,1
21545,0
21546,3
21547,7
21548,3
21549,6
21550,9
21551,0
21552,1
21553,3
21554,2
21555,3
21556,3
21557,3
21558,8
21559,3
21560,7
21561,7
21562,7
21563,5
21564,2
21565,0
21566,3
21567,0
21568,0
21569,8
21570,7
21571,6
21572,7
21573,1
21574,4
21575,5
21576,4
21577,5
21578,5
21579,1
21580,6
21581,7
21582,1
21583,2
21584,9
21585,1
21586,7
21587,6
21588,2
21589,6
21590,6
21591,9
21592,3
21593,6
21594,5
21595,7
21596,3
21597,3
21598,6
21599,7
21600,8
21601,6
21602,7
21603,2
21604,5
21605,6
21606,1
21607,6
21608,7
21609,6
21610,3
21611,9
21612,3
21613,6
21614,8
21615,5
21616,7
21617,0
21618,5
21619,7
21620,7
21621,3
21622,9
21623,1
21624,1
21625,3
21626,2
21627,2
21628,2
21629,3
21630,2
21631,1
21632,7
21633,5
21634,1
21635,6
21636,6
21637,1
21638,1
21639,7
21640,2
21641,7
21642,7
21643,1
21644,6
21645,6
21646,3
21647,3
21648,2
21649,0
21650,2
21651,6
21652,2
21653,7
21654,2
21655,3
21656,1
21657,3
21658,1
21659,3
21660,3
21661,6
21662,5
21663,8
21664,6
21665,5
21666,5
21667,9
21668,9
21669,6
21670,3
21671,2
21672,6
21673,1
21674,5
21675,1
21676,3
21677,7
21678,5
21679,6
21680,1
21681,7
21682,3
21683,2
21684,1
21685,7
21686,7
21687,7
21688,7
21689,5
21690,0
21691,3
21692,3
21693,3
21694,7
21695,1
21696,5
21697,5
21698,7
21699,1
21700,3
21701,5
21702,2
21703,1
21704,2
21705,3
21706,1
21707,7
21708,3
21709,7
21710,3
21711,1
21712,3
21713,7
21714,2
21715,0
21716,6
21717,3
21718,3
21719,3
21720,1
21721,9
21722,6
21723,8
21724,3
21725,6
21726,6
21727,6
21728,7
21729,1
21730,5
21731,0
21732,6
21733,3
21734,1
21735,1
21736,1
21737,6
21738,4
21739,6
21740,2
21741,2
21742,1
21743,7
21744,6
21745,1
21746,3
21747,1
21748,5
21749,6
21750,3
21751,1
21752,4
21753,5
21754,5
21755,7
21756,7
21757,1
21758,7
21759,5
21760,1
21761,3
21762,3
21763,9
21764,2
21765,1
21766,6
21767,6
21768,2
21769,0
21770,3
21771,3
21772,8
21773,1
21774,3
21775,7
21776,5
21777,6
21778,1
21779,0
21780,1
21781,0
21782,8
21783,5
21784,1
21785,6
21786,5
21787,4
21788,0
21789,7
21790,4
21791,5
21792,7
21793,7
21794,7
21795,3
21796,3
21797,6
21798,9
21799,3
21800,6
21801,7
21802,2
21803,3
21804,3
21805,7
21806,2
21807,2
21808,7
21809,7
21810,6
21811,3
21812,6
21813,2
21814,7
21815,6
21816,6
21817,3
21818,7
21819,1
21820,6
21821,3
21822,6
21823,3
21824,3
21825,7
21826,0
21827,2
21828,6
21829,5
21830,1
21831,5
21832,3
21833,5
21834,7
21835,1
21836,4
21837,8
21838,0
21839,9
21840,1
21841,5
21842,3
21843,3
21844,7
21845,3
21846,1
21847,6
21848,5
21849,6
21850,6
21851,1
21852,7
21853,1
21854,3
21855,0
21856,7
21857,6
21858,7
21859,1
21860,1
21861,0
21862,5
21863,3
21864,3
21865,3
21866,4
21867,9
21868,6
21869,6
21870,7
21871,7
21872,4
21873,9
21874,7
21875,1
21876,1
21877,3
21878,6
21879,6
21880,6
21881,8
21882,3
21883,6
21884,3
21885,3
21886,3
21887,0
21888,1
21889,2
21890,5
21891,4
21892,6
21893,7
21894,3
21895,7
21896,3
21897,0
21898,7
21899,3
21900,7
21901,6
21902,5
21903,1
21904,7
21905,5
21906,7
21907,2
21908,0
21909,1
21910,3
21911,5
21912,7
21913,6
21914,3
21915,3
21916,1
21917,7
21918,4
21919,1
21920,6
21921,5
21922,3
21923,7
21924,6
21925,3
21926,6
21927,7
21928,7
21929,7
21930,3
21931,3
21932,5
21933,5
21934,1
21935,7
21936,2
21937,2
21938,7
21939,5
21940,7
21941,7
21942,6
21943,2
21944,7
21945,2
21946,3
21947,0
21948,5
21949,3
21950,3
21951,4
21952,4
21953,2
21954,7
21955,3
21956,7
21957,7
21958,7
21959,1
21960,3
21961,7
21962,3
21963,6
21964,7
21965,7
21966,2
21967,1
21968,7
21969,3
21970,3
21971,4
21972,1
21973,5
21974,6
21975,2
21976,7
21977,3
21978,5
21979,1
21980,2
21981,5
21982,6
21983,7
21984,9
21985,1
21986,9
21987,3
21988,8
21989,8
21990,7
21991,7
21992,0
21993,7
21994,7
21995,1
21996,3
21997,5
21998,0
21999,4
22000,6
22001,1
22002,0
22003,3
22004,6
22005,5
22006,2
22007,1
22008,8
22009,6
22010,3
22011,3
22012,7
22013,7
22014,0
22015,3
22016,1
22017,3
22018,9
22019,3
22020,3
22021,5
22022,5
22023,2
22024,7
22025,1
22026,0
22027,3
22028,3
22029,5
22030,5
22031,3
22032,1
22033,3
22034,5
22035,1
22036,3
22037,7
22038,3
22039,5
22040,9
22041,6
22042,1
22043,1
22044,5
22045,6
22046,1
22047,3
22048,1
22049,3
22050,3
22051,7
22052,6
22053,3
22054,1
22055,3
22056,3
22057,3
22058,5
22059,3
22060,7
22061,3
22062,3
22063,6
22064,4
22065,3
22066,3
22067,3
22068,6
22069,5
22070,7
22071,8
22072,8
22073,7
22074,1
22075,6
22076,3
22077,3
22078,1
22079,5
22080,8
22081,6
22082,7
13249,3
13250,7
13251,7
13252,9
13253,6
13254,1
13255,7
13256,1
13257,5
13258,1
13259,7
13260,3
13261,5
13262,1
13263,3
13264,4
13265,6
13266,1
13267,3
13268,1
13269,0
13270,1
13271,9
13272,6
13273,2
13274,6
13275,3
13276,7
13277,7
13278,7
13279,2
13280,6
13281,7
13282,3
13283,3
13284,3
13285,7
13286,9
13287,5
13288,3
13289,3
13290,2
13291,3
13292,7
13293,0
13294,7
13295,3
13296,4
13297,1
13298,0
13299,4
13300,1
13301,5
13302,6
13303,5
13304,7
13305,7
13306,7
13307,5
13308,3
13309,1
13310,1
13311,1
13312,2
13313,1
13314,7
13315,1
13316,3
13317,7
13318,0
13319,1
13320,6
13321,8
13322,2
13323,8
13324,8
13325,6
13326,3
13327,3
13328,4
13329,7
13330,1
13331,4
13332,1
13333,7
13334,6
13335,6
13336,5
13337,1
13338,6
13339,5
13340,7
13341,2
13342,3
13343,8
13344,2
13345,7
13346,0
13347,3
13348,7
13349,2
13350,7
13351,7
13352,3
13353,7
13354,7
13355,5
13356,3
13357,3
13358,6
13359,9
13360,3
13361,3
13362,1
13363,7
13364,1
13365,7
13366,6
13367,3
13368,8
13369,9
13370,2
13371,6
13372,3
13373,6
13374,3
13375,5
13376,5
13377,1
13378,5
13379,9
13380,3
13381,5
13382,1
13383,3
13384,1
13385,3
13386,1
13387,3
13388,7
13389,9
13390,6
13391,1
13392,3
13393,7
13394,1
13395,3
13396,1
13397,1
13398,3
13399,3
13400,1
13401,4
13402,5
13403,3
13404,1
13405,6
13406,1
13407,3
13408,7
13409,6
13410,7
13411,8
13412,7
13413,6
13414,5
13415,3
13416,5
13417,5
13418,1
13419,7
13420,3
13421,0
13422,6
13423,1
13424,6
13425,1
13426,7
13427,3
13428,1
13429,3
13430,2
13431,0
13432,1
13433,4
13434,1
13435,5
13436,3
13437,1
13438,3
13439,3
13440,5
13441,2
13442,2
13443,2
13444,7
13445,1
13446,3
13447,7
13448,3
13449,2
13450,7
13451,4
13452,1
13453,4
13454,4
13455,6
13456,2
13457,0
13458,6
13459,2
13460,3
13461,1
13462,0
13463,3
13464,7
13465,8
13466,5
13467,5
13468,2
13469,2
13470,2
13471,3
13472,1
13473,2
13474,8
13475,0
13476,1
13477,6
13478,3
13479,1
13480,3
13481,6
13482,3
13483,3
13484,7
13485,3
13486,3
13487,3
13488,6
13489,1
13490,9
13491,7
13492,1
13493,1
13494,1
13495,5
13496,1
13497,7
13498,3
13499,2
13500,6
13501,1
13502,3
13503,3
13504,8
13505,8
13506,3
13507,2
13508,1
13509,7
13510,0
13511,7
13512,1
13513,3
13514,5
13515,1
13516,5
13517,3
13518,3
13519,8
13520,1
13521,7
13522,3
13523,1
13524,2
13525,7
13526,3
13527,3
13528,6
13529,6
13530,3
13531,1
13532,3
13533,1
13534,6
13535,3
13536,3
13537,2
13538,1
13539,1
13540,5
13541,7
13542,3
13543,8
13544,8
13545,0
13546,9
13547,4
13548,7
13549,1
13550,3
13551,2
13552,3
13553,1
13554,7
13555,7
13556,3
13557,1
13558,6
13559,6
13560,1
13561,0
13562,6
13563,3
13564,3
13565,4
13566,5
13567,1
13568,6
13569,3
13570,7
13571,0
13572,8
13573,5
13574,3
13575,5
13576,5
13577,7
13578,7
13579,7
13580,1
13581,1
13582,7
13583,6
13584,7
13585,1
13586,1
13587,4
13588,4
13589,7
13590,3
13591,3
13592,1
13593,2
13594,3
13595,6
13596,7
13597,2
13598,4
13599,5
13600,6
13601,0
13602,7
13603,0
13604,7
13605,3
13606,5
13607,6
13608,2
13609,6
13610,3
13611,3
13612,7
13613,5
13614,7
13615,9
13616,7
13617,3
13618,6
13619,1
13620,5
13621,7
13622,0
13623,5
13624,7
13625,6
13626,5
13627,6
13628,5
13629,1
13630,1
13631,4
13632,3
13633,6
13634,6
13635,7
13636,1
13637,1
13638,3
13639,5
13640,0
13641,1
13642,6
13643,1
13644,2
13645,1
13646,3
13647,6
13648,1
13649,3
13650,1
13651,0
13652,6
13653,7
13654,7
13655,3
13656,3
13657,5
13658,7
13659,7
13660,6
13661,7
13662,1
13663,7
13664,6
13665,9
13666,2
13667,6
13668,6
13669,3
13670,3
13671,1
13672,8
13673,2
13674,7
13675,5
13676,5
13677,3
13678,5
13679,0
13680,9
13681,6
13682,3
13683,7
13684,7
13685,1
13686,3
13687,0
13688,3
13689,6
13690,5
13691,1
13692,1
13693,5
13694,5
13695,7
13696,0
13697,1
13698,7
13699,8
13700,3
13701,7
13702,1
13703,5
13704,1
13705,8
13706,3
13707,3
13708,2
13709,5
13710,1
13711,3
13712,7
13713,3
13714,5
13715,6
13716,1
13717,7
13718,1
13719,6
13720,5
13721,7
13722,5
13723,3
13724,1
13725,3
13726,0
13727,3
13728,3
13729,7
13730,3
13731,3
13732,3
13733,5
13734,2
13735,7
13736,7
13737,2
13738,5
13739,7
13740,3
13741,7
13742,6
13743,9
13744,1
13745,0
13746,3
13747,7
13748,7
13749,7
13750,7
13751,6
13752,7
13753,1
13754,5
13755,3
13756,2
13757,3
13758,1
13759,3
13760,3
13761,3
13762,2
13763,3
13764,5
13765,1
13766,6
13767,2
13768,1
13769,5
13770,7
13771,4
13772,9
13773,7
13774,2
13775,3
13776,5
13777,1
13778,3
13779,7
13780,7
13781,6
13782,5
13783,3
13784,7
13785,5
13786,1
13787,3
13788,7
13789,9
13790,3
13791,6
13792,3
13793,2
13794,6
13795,0
13796,1
13797,5
13798,1
13799,2
13800,2
13801,7
13802,9
13803,5
13804,7
13805,5
13806,3
13807,7
13808,9
13809,5
13810,7
13811,1
13812,7
13813,5
13814,5
13815,3
13816,0
13817,5
13818,6
13819,6
13820,1
13821,6
13822,2
13823,1
13824,6
13825,5
13826,7
13827,7
13828,6
13829,5
13830,7
13831,3
13832,6
13833,1
13834,2
13835,3
13836,2
13837,7
13838,0
13839,5
13840,8
13841,7
13842,5
13843,1
13844,6
13845,8
13846,3
13847,5
13848,1
13849,9
13850,1
13851,4
13852,7
13853,7
13854,1
13855,1
13856,6
13857,2
13858,3
13859,1
13860,7
13861,3
13862,2
13863,7
13864,6
13865,3
13866,1
13867,6
13868,3
13869,6
13870,1
13871,7
13872,7
13873,3
13874,0
13875,0
13876,5
13877,6
13878,1
13879,1
13880,6
13881,7
13882,5
13883,8
13884,3
13885,2
13886,6
13887,2
13888,9
13889,2
13890,7
13891,7
13892,3
13893,6
13894,3
13895,4
13896,6
13897,5
13898,7
13899,6
13900,7
13901,3
13902,2
13903,6
13904,7
13905,5
13906,7
13907,3
13908,3
13909,5
13910,5
13911,7
13912,2
13913,6
13914,1
13915,5
13916,3
13917,7
13918,0
13919,1
13920,1
13921,7
13922,5
13923,3
13924,7
13925,1
13926,2
13927,7
13928,4
13929,7
13930,5
13931,7
13932,1
13933,7
13934,6
13935,6
13936,5
13937,3
13938,3
13939,2
13940,6
13941,0
13942,3
13943,3
13944,1
13945,7
13946,2
13947,4
13948,1
13949,0
13950,0
13951,3
13952,1
13953,1
13954,4
13955,7
13956,5
13957,4
13958,2
13959,8
13960,8
13961,2
13962,7
13963,3
13964,8
13965,1
13966,1
13967,3
13968,5
13969,7
13970,8
13971,4
13972,3
13973,6
13974,3
13975,2
13976,2
13977,5
13978,7
13979,9
13980,2
13981,7
13982,6
13983,2
13984,1
13985,7
13986,1
13987,7
13988,5
13989,6
13990,7
13991,1
13992,8
13993,1
13994,7
13995,7
13996,7
13997,3
13998,3
13999,8
14000,9
14001,8
14002,1
14003,7
14004,3
14005,7
14006,3
14007,3
14008,7
14009,7
14010,2
14011,2
14012,7
14013,1
14014,3
14015,3
14016,5
14017,2
14018,4
14019,9
14020,1
14021,1
14022,6
14023,1
14024,2
14025,3
14026,3
14027,1
14028,1
14029,6
14030,3
14031,3
14032,3
14033,7
14034,1
14035,6
14036,1
14037,3
14038,3
14039,1
14040,7
14041,2
14042,7
14043,7
14044,5
14045,6
14046,3
14047,6
14048,0
14049,3
14050,7
14051,2
14052,7
14053,4
14054,7
14055,6
14056,2
14057,7
14058,1
14059,3
14060,7
14061,7
14062,1
14063,7
14064,2
14065,6
14066,5
14067,5
14068,1
14069,6
14070,3
14071,6
14072,1
14073,3
14074,2
14075,0
14076,7
14077,7
14078,4
14079,1
14080,1
14081,3
14082,6
14083,9
14084,1
14085,5
14086,7
14087,0
14088,3
14089,5
14090,6
14091,0
14092,3
14093,5
14094,4
14095,6
14096,5
14097,5
14098,5
14099,6
14100,2
14101,3
14102,6
14103,7
14104,6
14105,5
14106,2
14107,3
14108,3
14109,3
14110,9
14111,7
14112,5
14113,1
14114,3
14115,7
14116,7
14117,3
14118,3
14119,1
14120,6
14121,2
14122,2
14123,7
14124,7
14125,2
14126,3
14127,8
14128,3
14129,1
14130,6
14131,2
14132,1
14133,7
14134,3
14135,0
14136,1
14137,7
14138,3
14139,7
14140,5
14141,3
14142,7
14143,4
14144,5
14145,6
14146,6
14147,7
14148,3
14149,3
14150,1
14151,3
14152,3
14153,6
14154,0
14155,7
14156,3
14157,7
14158,7
14159,1
14160,6
14161,7
14162,1
14163,1
14164,7
14165,7
14166,3
14167,1
14168,9
14169,6
14170,6
14171,5
14172,3
14173,3
14174,1
14175,6
14176,7
14177,1
14178,1
14179,7
14180,3
14181,7
14182,5
14183,7
14184,5
14185,6
14186,3
14187,0
14188,3
14189,7
14190,7
14191,3
14192,6
14193,6
14194,5
14195,3
14196,5
14197,6
14198,2
14199,0
14200,7
14201,3
14202,5
14203,5
14204,3
14205,1
14206,3
14207,3
14208,5
14209,9
14210,7
14211,1
14212,7
14213,1
14214,2
14215,0
14216,1
14217,6
14218,1
14219,3
14220,8
14221,7
14222,7
14223,7
14224,2
14225,2
14226,6
14227,5
14228,1
14229,1
14230,7
14231,7
14232,5
14233,4
14234,6
14235,3
14236,3
14237,5
14238,3
14239,1
14240,6
14241,6
14242,3
14243,1
14244,5
14245,7
14246,2
14247,9
14248,7
14249,7
14250,7
14251,6
14252,1
14253,3
14254,5
14255,1
14256,9
14257,3
14258,6
14259,7
14260,5
14261,3
14262,5
14263,1
14264,2
14265,1
14266,1
14267,7
14268,3
14269,7
14270,4
14271,0
14272,6
14273,2
14274,6
14275,1
14276,4
14277,8
14278,3
14279,7
14280,4
14281,6
14282,0
14283,5
14284,0
14285,3
14286,1
14287,7
14288,6
14289,1
14290,5
14291,3
14292,1
14293,1
14294,6
14295,3
14296,2
14297,6
14298,3
14299,1
14300,6
14301,0
14302,6
14303,3
14304,8
14305,2
14306,7
14307,0
14308,7
14309,1
14310,7
14311,7
14312,2
14313,3
14314,0
14315,3
14316,5
14317,3
14318,7
14319,2
14320,0
14321,1
14322,7
14323,0
14324,1
14325,3
14326,3
14327,7
14328,1
14329,0
14330,7
14331,6
14332,3
14333,5
14334,3
14335,9
14336,6
14337,1
14338,7
14339,8
14340,3
14341,1
14342,0
14343,0
14344,0
14345,7
14346,2
14347,3
14348,1
14349,1
14350,3
14351,5
14352,7
14353,1
14354,0
14355,0
14356,5
14357,0
14358,6
14359,7
14360,6
14361,6
14362,6
14363,1
14364,6
14365,3
14366,1
14367,2
14368,7
14369,2
14370,7
14371,1
14372,5
14373,1
14374,2
14375,1
14376,8
14377,4
14378,6
14379,3
14380,5
14381,5
14382,6
14383,5
14384,7
14385,5
14386,7
14387,3
14388,6
14389,6
14390,6
14391,3
14392,3
14393,6
14394,3
14395,0
14396,7
14397,2
14398,1
14399,5
14400,7
14401,5
14402,3
14403,9
14404,3
14405,3
14406,1
14407,5
14408,1
14409,2
14410,3
14411,1
14412,3
14413,8
14414,6
14415,5
14416,0
14417,7
14418,7
14419,1
14420,6
14421,7
14422,7
14423,7
14424,3
14425,1
14426,7
14427,3
14428,3
14429,1
14430,3
14431,7
14432,3
14433,7
14434,6
14435,0
14436,7
14437,3
14438,2
14439,7
14440,4
14441,6
14442,7
14443,3
14444,7
14445,3
14446,7
14447,6
14448,3
14449,7
14450,8
14451,5
14452,7
14453,0
14454,1
14455,9
14456,3
14457,2
14458,0
14459,0
14460,6
14461,3
14462,5
14463,0
14464,7
14465,6
14466,3
14467,2
14468,0
14469,1
14470,1
14471,6
14472,7
14473,3
14474,1
14475,0
14476,2
14477,7
14478,1
14479,7
14480,7
14481,3
14482,1
14483,7
14484,7
14485,3
14486,3
14487,7
14488,7
14489,3
14490,2
14491,7
14492,3
14493,1
14494,5
14495,5
14496,3
14497,1
14498,5
14499,3
14500,5
14501,1
14502,7
14503,8
14504,3
14505,6
14506,1
14507,7
14508,3
14509,3
14510,6
14511,6
14512,1
14513,1
14514,7
14515,5
14516,9
14517,0
14518,5
14519,1
14520,5
14521,3
14522,1
14523,8
14524,1
14525,3
14526,6
14527,8
14528,0
14529,3
14530,5
14531,6
14532,7
14533,7
14534,7
14535,3
14536,1
14537,7
14538,7
14539,7
14540,5
14541,5
14542,6
14543,1
14544,5
14545,2
14546,6
14547,7
14548,1
14549,7
14550,3
14551,5
14552,1
14553,7
14554,7
14555,5
14556,9
14557,7
14558,3
14559,3
14560,3
14561,5
14562,6
14563,3
14564,1
14565,1
14566,3
14567,3
14568,3
14569,0
14570,2
14571,1
14572,5
14573,6
14574,5
14575,1
14576,0
14577,7
14578,7
14579,5
14580,2
14581,8
14582,1
14583,1
14584,6
14585,7
14586,1
14587,1
14588,3
14589,0
14590,5
14591,5
14592,1
14593,1
14594,7
14595,5
14596,7
14597,3
14598,5
14599,7
14600,5
14601,3
14602,5
14603,1
14604,6
14605,1
14606,3
14607,7
14608,5
14609,7
14610,3
14611,1
14612,3
14613,3
14614,3
14615,6
14616,1
14617,7
14618,7
14619,1
14620,6
14621,1
14622,9
14623,2
14624,2
14625,3
14626,1
14627,6
14628,7
14629,6
14630,8
14631,5
14632,1
14633,3
14634,5
14635,5
14636,3
14637,6
14638,3
14639,2
14640,1
14641,7
14642,3
14643,7
14644,1
14645,6
14646,5
14647,1
14648,7
14649,7
14650,3
14651,7
14652,0
14653,2
14654,7
14655,6
14656,3
14657,6
14658,7
14659,2
14660,3
14661,5
14662,1
14663,9
14664,1
14665,5
14666,3
14667,5
14668,0
14669,7
14670,5
14671,3
14672,6
14673,1
14674,2
14675,3
14676,1
14677,7
14678,3
14679,1
14680,1
14681,5
14682,7
14683,0
14684,3
14685,6
14686,1
14687,6
14688,6
14689,7
14690,3
14691,3
14692,3
14693,5
14694,0
14695,3
14696,8
14697,2
14698,1
14699,7
14700,7
14701,1
14702,2
14703,0
14704,1
14705,1
14706,2
14707,7
14708,5
14709,1
14710,5
14711,0
14712,3
14713,3
14714,1
14715,3
14716,5
14717,3
14718,2
14719,2
14720,2
14721,3
14722,6
14723,3
14724,5
14725,1
14726,1
14727,3
14728,2
14729,6
14730,7
14731,4
14732,1
14733,3
14734,2
14735,6
14736,1
14737,5
14738,6
14739,7
14740,0
14741,2
14742,1
14743,7
14744,7
14745,1
14746,5
14747,3
14748,6
14749,5
14750,5
14751,3
14752,3
14753,2
14754,6
14755,8
14756,3
14757,7
14758,6
14759,3
14760,3
14761,7
14762,5
14763,1
14764,7
14765,0
14766,7
14767,1
14768,3
14769,6
14770,7
14771,1
14772,5
14773,5
14774,6
14775,0
14776,7
14777,0
14778,6
14779,7
14780,5
14781,3
14782,7
14783,6
14784,2
14785,2
14786,1
14787,1
14788,6
14789,3
14790,3
14791,7
14792,5
14793,3
14794,1
14795,0
14796,1
14797,6
14798,3
14799,7
14800,7
14801,3
14802,2
14803,3
14804,9
14805,1
14806,3
14807,3
14808,5
14809,6
14810,7
14811,7
14812,3
14813,9
14814,7
14815,7
14816,4
14817,7
14818,5
14819,3
14820,6
14821,6
14822,5
14823,3
14824,2
14825,3
14826,0
14827,3
14828,6
14829,0
14830,7
14831,6
14832,7
14833,5
14834,5
14835,3
14836,4
14837,0
14838,1
14839,3
14840,6
14841,6
14842,6
14843,3
14844,3
14845,5
14846,5
14847,7
14848,4
14849,7
14850,0
14851,5
14852,7
14853,2
14854,6
14855,1
14856,4
14857,5
14858,3
14859,3
14860,6
14861,1
14862,7
14863,0
14864,2
14865,6
14866,2
14867,7
14868,1
14869,0
14870,1
14871,5
14872,8
14873,0
14874,2
14875,1
14876,7
14877,3
14878,7
14879,8
14880,6
14881,1
14882,7
14883,2
14884,1
14885,3
14886,3
14887,7
14888,2
14889,5
14890,3
14891,5
14892,3
14893,7
14894,7
14895,7
14896,2
14897,1
14898,0
14899,7
14900,6
14901,2
14902,2
14903,6
14904,2
14905,6
14906,5
14907,5
14908,5
14909,5
14910,5
14911,3
14912,8
14913,5
14914,8
14915,6
14916,2
14917,3
14918,7
14919,2
14920,1
14921,1
14922,5
14923,7
14924,1
14925,5
14926,7
14927,1
14928,1
14929,5
14930,2
14931,1
14932,8
14933,7
14934,2
14935,5
14936,3
14937,4
14938,5
14939,1
14940,1
14941,7
14942,2
14943,2
14944,7
14945,7
14946,7
14947,5
14948,7
14949,7
14950,3
14951,3
14952,6
14953,6
14954,1
14955,6
14956,2
14957,6
14958,2
14959,3
14960,5
14961,7
14962,0
14963,1
14964,3
14965,5
14966,1
14967,2
14968,6
14969,3
14970,6
14971,7
14972,3
14973,3
14974,3
14975,3
14976,6
14977,6
14978,6
14979,3
14980,7
14981,7
14982,5
14983,3
14984,5
14985,7
14986,7
14987,7
14988,7
14989,1
14990,3
14991,1
14992,2
14993,3
14994,9
14995,2
14996,7
14997,0
14998,1
14999,3
15000,5
15001,1
15002,3
15003,7
15004,5
15005,6
15006,6
15007,1
15008,7
15009,7
15010,4
15011,5
15012,6
15013,2
15014,7
15015,7
15016,0
15017,6
15018,4
15019,8
15020,7
15021,1
15022,6
15023,0
15024,3
15025,0
15026,0
15027,2
15028,3
15029,7
15030,3
15031,3
15032,5
15033,5
15034,7
15035,3
15036,1
15037,1
15038,3
15039,6
15040,1
15041,2
15042,3
15043,3
15044,6
15045,0
15046,0
15047,7
15048,7
15049,8
15050,3
15051,5
15052,5
15053,9
15054,1
15055,7
15056,1
15057,6
15058,6
15059,0
15060,1
15061,1
15062,3
15063,3
15064,7
15065,7
15066,1
15067,1
15068,2
15069,2
15070,1
15071,5
15072,7
15073,1
15074,5
15075,3
15076,0
15077,9
15078,3
15079,0
15080,1
15081,1
15082,3
15083,1
15084,2
15085,1
15086,7
15087,5
15088,7
15089,1
15090,1
15091,8
15092,1
15093,7
15094,1
15095,3
15096,4
15097,1
15098,0
15099,3
15100,7
15101,2
15102,7
15103,1
15104,5
15105,1
15106,3
15107,2
15108,7
15109,5
15110,7
15111,7
15112,2
15113,4
15114,7
15115,1
15116,1
15117,3
15118,1
15119,5
15120,2
15121,6
15122,7
15123,8
15124,8
15125,6
15126,5
15127,3
15128,6
15129,2
15130,8
15131,6
15132,5
15133,7
15134,6
15135,2
15136,1
15137,6
15138,3
15139,3
15140,6
15141,3
15142,3
15143,6
15144,5
15145,6
15146,6
15147,6
15148,1
15149,5
15150,5
15151,1
15152,7
15153,3
15154,4
15155,6
15156,1
15157,1
15158,6
15159,1
15160,0
15161,8
15162,8
15163,7
15164,9
15165,5
15166,1
15167,2
15168,3
15169,0
15170,1
15171,7
15172,2
15173,1
15174,7
15175,5
15176,6
15177,7
15178,3
15179,6
15180,1
15181,5
15182,7
15183,5
15184,3
15185,6
15186,3
15187,6
15188,2
15189,5
15190,2
15191,1
15192,8
15193,7
15194,2
15195,3
15196,1
15197,6
15198,3
15199,7
15200,6
15201,5
15202,5
15203,6
15204,7
15205,6
15206,0
15207,3
15208,6
15209,6
15210,2
15211,3
15212,1
15213,6
15214,7
15215,3
15216,1
15217,6
15218,6
15219,6
15220,3
15221,1
15222,7
15223,9
15224,3
15225,3
15226,3
15227,6
15228,1
15229,9
15230,1
15231,7
15232,1
15233,3
15234,7
15235,6
15236,6
15237,8
15238,6
15239,7
15240,7
15241,3
15242,3
15243,7
15244,7
15245,3
15246,6
15247,3
15248,5
15249,5
15250,6
15251,7
15252,5
15253,8
15254,5
15255,1
15256,1
15257,7
15258,3
15259,9
15260,7
15261,3
15262,3
15263,5
15264,5
15265,6
15266,3
15267,0
15268,7
15269,7
15270,7
15271,1
15272,3
15273,5
15274,7
15275,9
15276,6
15277,1
15278,5
15279,3
15280,3
15281,3
15282,3
15283,7
15284,6
15285,1
15286,3
15287,1
15288,8
15289,2
15290,6
15291,7
15292,1
15293,3
15294,1
15295,3
15296,5
15297,6
15298,0
15299,3
15300,6
15301,9
15302,5
15303,3
15304,0
15305,7
15306,1
15307,6
15308,6
15309,1
15310,6
15311,0
15312,6
15313,7
15314,2
15315,1
15316,4
15317,0
15318,1
15319,2
15320,3
15321,6
15322,3
15323,7
15324,7
15325,1
15326,7
15327,6
15328,7
15329,8
15330,5
15331,1
15332,3
15333,9
15334,5
15335,4
15336,7
15337,5
15338,7
15339,3
15340,6
15341,7
15342,2
15343,1
15344,5
15345,6
15346,1
15347,6
15348,7
15349,1
15350,5
15351,0
15352,2
15353,4
15354,7
15355,7
15356,7
15357,1
15358,6
15359,0
15360,1
15361,3
15362,7
15363,7
15364,1
15365,3
15366,6
15367,5
15368,3
15369,7
15370,3
15371,5
15372,7
15373,7
15374,6
15375,5
15376,7
15377,3
15378,4
15379,7
15380,7
15381,5
15382,3
15383,5
15384,3
15385,3
15386,7
15387,1
15388,3
15389,1
15390,1
15391,7
15392,1
15393,2
15394,4
15395,7
15396,7
15397,7
15398,7
15399,3
15400,1
15401,7
15402,3
15403,1
15404,6
15405,7
15406,6
15407,7
15408,5
15409,1
15410,6
15411,6
15412,3
15413,7
15414,2
15415,3
15416,6
15417,6
15418,1
15419,7
15420,3
15421,1
15422,3
15423,6
15424,7
15425,7
15426,1
15427,1
15428,1
15429,7
15430,6
15431,6
15432,2
15433,6
15434,1
15435,2
15436,1
15437,3
15438,7
15439,5
15440,5
15441,5
15442,7
15443,1
15444,2
15445,7
15446,5
15447,7
15448,5
15449,6
15450,4
15451,1
15452,1
15453,7
15454,8
15455,3
15456,6
15457,1
15458,7
15459,7
15460,5
15461,5
15462,4
15463,9
15464,1
15465,9
15466,3
15467,5
15468,5
15469,5
15470,8
15471,3
15472,7
15473,1
15474,0
15475,7
15476,3
15477,3
15478,3
15479,5
15480,9
15481,1
15482,1
15483,5
15484,3
15485,8
15486,6
15487,7
15488,7
15489,7
15490,1
15491,6
15492,1
15493,6
15494,5
15495,7
15496,1
15497,6
15498,5
15499,2
15500,7
15501,1
15502,1
15503,7
15504,7
15505,0
15506,6
15507,7
15508,1
15509,7
15510,7
15511,2
15512,7
15513,7
15514,6
15515,0
15516,0
15517,3
15518,8
15519,3
15520,6
15521,6
15522,3
15523,5
15524,6
15525,5
15526,6
15527,5
15528,9
15529,1
15530,2
15531,6
15532,6
15533,5
15534,1
15535,5
15536,7
15537,6
15538,0
15539,1
15540,1
15541,2
15542,3
15543,6
15544,8
15545,2
15546,7
15547,6
15548,1
15549,8
15550,1
15551,1
15552,5
15553,5
15554,6
15555,5
15556,7
15557,5
15558,5
15559,2
15560,6
15561,1
15562,4
15563,3
15564,6
15565,4
15566,5
15567,6
15568,5
15569,3
15570,3
15571,5
15572,7
15573,6
15574,3
15575,3
15576,1
15577,6
15578,5
15579,7
15580,6
15581,1
15582,5
15583,0
15584,2
15585,6
15586,1
15587,6
15588,5
15589,2
15590,7
15591,8
15592,7
15593,7
15594,5
15595,7
15596,5
15597,1
15598,3
15599,3
15600,5
15601,8
15602,7
15603,7
15604,3
15605,1
15606,3
15607,0
15608,5
15609,6
15610,9
15611,2
15612,3
15613,2
15614,7
15615,3
15616,2
15617,1
15618,6
15619,5
15620,1
15621,1
15622,3
15623,8
15624,3
15625,1
15626,3
15627,5
15628,3
15629,0
15630,5
15631,3
15632,3
15633,6
15634,3
15635,3
15636,6
15637,6
15638,5
15639,1
15640,1
15641,4
15642,7
15643,3
15644,7
15645,2
15646,1
15647,7
15648,0
15649,5
15650,3
15651,7
15652,7
15653,0
15654,4
15655,2
15656,3
15657,3
15658,7
15659,1
15660,2
15661,7
15662,8
15663,6
15664,8
15665,6
15666,7
15667,5
15668,7
15669,7
15670,7
15671,1
15672,3
15673,3
15674,7
15675,7
15676,0
15677,6
15678,9
15679,5
15680,6
15681,6
15682,0
15683,3
15684,1
15685,1
15686,9
15687,8
15688,7
15689,2
15690,1
15691,4
15692,7
15693,3
15694,2
15695,0
15696,7
15697,1
15698,2
15699,6
15700,5
15701,5
15702,1
15703,4
15704,5
15705,6
15706,3
15707,7
15708,6
15709,6
15710,6
15711,6
15712,7
15713,5
15714,4
15715,5
15716,8
15717,6
15718,1
15719,1
15720,3
15721,7
15722,3
15723,7
15724,3
15725,3
15726,6
15727,2
15728,6
15729,1
15730,3
15731,5
15732,1
15733,6
15734,0
15735,9
15736,5
15737,1
15738,3
15739,1
15740,3
15741,3
15742,7
15743,4
15744,6
15745,5
15746,5
15747,1
15748,2
15749,7
15750,9
15751,0
15752,3
15753,3
15754,7
15755,7
15756,3
15757,7
15758,7
15759,5
15760,0
15761,1
15762,5
15763,2
15764,0
15765,1
15766,6
15767,7
15768,0
15769,6
15770,3
15771,7
15772,3
15773,6
15774,5
15775,1
15776,7
15777,1
15778,1
15779,1
15780,8
15781,9
15782,7
15783,2
15784,5
15785,5
15786,0
15787,1
15788,7
15789,4
15790,1
15791,7
15792,1
15793,6
15794,5
15795,3
15796,1
15797,3
15798,7
15799,5
15800,4
15801,6
15802,6
15803,9
15804,1
15805,1
15806,5
15807,6
15808,8
15809,5
15810,6
15811,3
15812,4
15813,3
15814,7
15815,3
15816,4
15817,3
15818,3
15819,3
15820,3
15821,3
15822,1
15823,1
15824,3
15825,6
15826,1
15827,2
15828,3
15829,0
15830,1
15831,5
15832,3
15833,7
15834,4
15835,4
15836,9
15837,1
15838,1
15839,7
15840,2
15841,2
15842,7
15843,2
15844,7
15845,3
15846,6
15847,3
15848,1
15849,1
15850,3
15851,9
15852,5
15853,7
15854,0
15855,2
15856,2
15857,6
15858,7
15859,3
15860,3
15861,6
15862,7
15863,1
15864,6
15865,6
15866,7
15867,6
15868,3
15869,1
15870,3
15871,1
15872,6
15873,7
15874,3
15875,5
15876,1
15877,7
15878,5
15879,3
15880,0
15881,1
15882,5
15883,3
15884,2
15885,3
15886,6
15887,7
15888,7
15889,1
15890,6
15891,0
15892,7
15893,5
15894,3
15895,3
15896,7
15897,2
15898,5
15899,3
15900,6
15901,4
15902,8
15903,1
15904,7
15905,0
15906,1
15907,5
15908,5
15909,3
15910,3
15911,1
15912,1
15913,1
15914,7
15915,3
15916,2
15917,7
15918,0
15919,5
15920,3
15921,3
15922,3
15923,4
15924,7
15925,7
15926,3
15927,1
15928,8
15929,3
15930,1
15931,3
15932,6
15933,8
15934,1
15935,1
15936,7
15937,3
15938,1
15939,3
15940,5
15941,7
15942,1
15943,1
15944,3
15945,6
15946,3
15947,3
15948,3
15949,1
15950,7
15951,2
15952,5
15953,7
15954,1
15955,6
15956,1
15957,1
15958,5
15959,1
15960,7
15961,2
15962,5
15963,1
15964,2
15965,2
15966,3
15967,7
15968,1
15969,7
15970,7
15971,1
15972,3
15973,7
15974,2
15975,6
15976,7
15977,7
15978,4
15979,7
15980,7
15981,1
15982,6
15983,3
15984,7
15985,1
15986,5
15987,3
15988,5
15989,7
15990,6
15991,7
15992,3
15993,7
15994,1
15995,6
15996,0
15997,1
15998,2
15999,8
16000,3
16001,4
16002,3
16003,6
16004,3
16005,3
16006,2
16007,1
16008,0
16009,4
16010,5
16011,1
16012,9
16013,9
16014,1
16015,1
16016,7
16017,1
16018,7
16019,7
16020,5
16021,4
16022,1
16023,5
16024,6
16025,5
16026,1
16027,3
16028,7
16029,3
16030,3
16031,3
16032,1
16033,4
16034,3
16035,3
16036,5
16037,5
16038,7
16039,3
16040,1
16041,6
16042,6
16043,5
16044,5
16045,4
16046,4
16047,3
16048,5
16049,1
16050,3
16051,7
16052,3
16053,1
16054,7
16055,0
16056,7
16057,1
16058,7
16059,7
16060,3
16061,5
16062,6
16063,6
16064,7
16065,7
16066,6
16067,7
16068,6
16069,3
16070,5
16071,1
16072,7
16073,1
16074,7
16075,9
16076,6
16077,5
16078,5
16079,1
16080,3
16081,6
16082,5
16083,7
16084,5
16085,5
16086,6
16087,3
16088,5
16089,6
16090,3
16091,1
16092,7
16093,3
16094,7
16095,5
16096,1
16097,2
16098,1
16099,1
16100,6
16101,1
16102,4
16103,6
16104,5
16105,6
16106,5
16107,3
16108,3
16109,6
16110,5
16111,3
16112,7
16113,1
16114,5
16115,2
16116,3
16117,5
16118,4
16119,5
16120,4
16121,1
16122,7
16123,5
16124,2
16125,5
16126,3
16127,6
16128,3
16129,5
16130,1
16131,7
16132,6
16133,2
16134,0
16135,7
16136,7
16137,8
16138,1
16139,1
16140,7
16141,1
16142,3
16143,7
16144,7
16145,1
16146,3
16147,3
16148,7
16149,9
16150,3
16151,3
16152,1
16153,3
16154,3
16155,7
16156,1
16157,1
16158,1
16159,0
16160,1
16161,1
16162,3
16163,7
16164,5
16165,3
16166,7
16167,3
16168,6
16169,7
16170,1
16171,7
16172,6
16173,8
16174,3
16175,0
16176,6
16177,9
16178,8
16179,1
16180,2
16181,7
16182,7
16183,2
16184,7
16185,7
16186,1
16187,5
16188,0
16189,3
16190,6
16191,3
16192,5
16193,3
16194,5
16195,6
16196,1
16197,1
16198,6
16199,3
16200,3
16201,1
16202,1
16203,7
16204,5
16205,0
16206,3
16207,7
16208,5
16209,4
16210,3
16211,1
16212,3
16213,2
16214,1
16215,3
16216,7
16217,3
16218,3
16219,7
16220,3
16221,0
16222,3
16223,4
16224,7
16225,8
16226,7
16227,3
16228,6
16229,7
16230,1
16231,7
16232,7
16233,2
16234,7
16235,6
16236,0
16237,1
16238,3
16239,8
16240,7
16241,7
16242,2
16243,7
16244,1
16245,7
16246,2
16247,9
16248,3
16249,7
16250,1
16251,6
16252,1
16253,7
16254,7
16255,4
16256,6
16257,1
16258,5
16259,5
16260,8
16261,9
16262,3
16263,6
16264,6
16265,3
16266,7
16267,7
16268,5
16269,5
16270,3
16271,5
16272,7
16273,5
16274,6
16275,5
16276,6
16277,3
16278,1
16279,7
16280,6
16281,5
16282,7
16283,5
16284,1
16285,3
16286,8
16287,7
16288,1
16289,1
16290,7
16291,5
16292,3
16293,5
16294,4
16295,6
16296,1
16297,9
16298,1
16299,9
16300,5
16301,5
16302,5
16303,5
16304,2
16305,6
16306,1
16307,2
16308,6
16309,1
16310,7
16311,3
16312,3
16313,6
16314,9
16315,6
16316,3
16317,7
16318,6
16319,9
16320,5
16321,2
16322,7
16323,3
16324,2
16325,5
16326,3
16327,6
16328,1
16329,6
16330,1
16331,0
16332,1
16333,6
16334,5
16335,7
16336,0
16337,5
16338,5
16339,2
16340,1
16341,3
16342,3
16343,7
16344,8
16345,3
16346,7
16347,7
16348,3
16349,1
16350,7
16351,7
16352,9
16353,3
16354,1
16355,7
16356,6
16357,7
16358,6
16359,3
16360,1
16361,7
16362,5
16363,1
16364,3
16365,7
16366,5
16367,7
16368,3
16369,8
16370,3
16371,7
16372,3
16373,1
16374,7
16375,2
16376,3
16377,5
16378,7
16379,5
16380,2
16381,7
16382,3
16383,0
16384,7
16385,5
16386,7
16387,2
16388,3
16389,7
16390,3
16391,6
16392,1
16393,7
16394,3
16395,5
16396,3
16397,5
16398,5
16399,1
16400,7
16401,4
16402,4
16403,6
16404,7
16405,6
16406,1
16407,5
16408,6
16409,5
16410,6
16411,5
16412,2
16413,2
16414,2
16415,3
16416,5
16417,1
16418,6
16419,7
16420,7
16421,2
16422,6
16423,1
16424,7
16425,0
16426,4
16427,6
16428,7
16429,3
16430,7
16431,7
16432,0
16433,1
16434,0
16435,3
16436,8
16437,6
16438,5
16439,0
16440,7
16441,7
16442,3
16443,7
16444,7
16445,3
16446,2
16447,1
16448,2
16449,3
16450,6
16451,3
16452,3
16453,2
16454,2
16455,1
16456,6
16457,7
16458,8
16459,7
16460,7
16461,3
16462,2
16463,2
16464,6
16465,3
16466,7
16467,1
16468,5
16469,5
16470,7
16471,1
16472,6
16473,1
16474,1
16475,3
16476,3
16477,1
16478,1
16479,1
16480,1
16481,0
16482,1
16483,7
16484,1
16485,8
16486,9
16487,7
16488,2
16489,1
16490,3
16491,7
16492,6
16493,7
16494,7
16495,9
16496,5
16497,0
16498,2
16499,7
16500,1
16501,3
16502,1
16503,5
16504,8
16505,6
16506,7
16507,5
16508,9
16509,0
16510,7
16511,6
16512,2
16513,3
16514,7
16515,1
16516,1
16517,5
16518,5
16519,2
16520,6
16521,7
16522,3
16523,6
16524,0
16525,3
16526,1
16527,1
16528,6
16529,5
16530,5
16531,7
16532,7
16533,7
16534,7
16535,1
16536,1
16537,3
16538,2
16539,3
16540,3
16541,3
16542,7
16543,3
16544,3
16545,7
16546,3
16547,0
16548,1
16549,1
16550,5
16551,1
16552,6
16553,5
16554,7
16555,7
16556,1
16557,3
16558,3
16559,5
16560,6
16561,2
16562,3
16563,5
16564,7
16565,2
16566,3
16567,5
16568,9
16569,9
16570,2
16571,1
16572,3
16573,2
16574,5
16575,3
16576,6
16577,5
16578,2
16579,7
16580,7
16581,5
16582,7
16583,5
16584,7
16585,6
16586,1
16587,7
16588,5
16589,6
16590,0
16591,5
16592,7
16593,2
16594,3
16595,6
16596,1
16597,3
16598,9
16599,3
16600,7
16601,1
16602,0
16603,2
16604,1
16605,8
16606,1
16607,9
16608,3
16609,6
16610,3
16611,7
16612,2
16613,1
16614,1
16615,6
16616,1
16617,7
16618,1
16619,3
16620,3
16621,7
16622,5
16623,2
16624,0
16625,5
16626,5
16627,0
16628,0
16629,3
16630,7
16631,7
16632,5
16633,1
16634,7
16635,7
16636,1
16637,0
16638,2
16639,6
16640,6
16641,2
16642,7
16643,3
16644,1
16645,3
16646,5
16647,5
16648,0
16649,2
16650,4
16651,2
16652,3
16653,1
16654,6
16655,7
16656,5
16657,1
16658,3
16659,7
16660,7
16661,1
16662,7
16663,6
16664,3
16665,2
16666,1
16667,2
16668,7
16669,5
16670,1
16671,5
16672,1
16673,3
16674,0
16675,0
16676,1
16677,5
16678,1
16679,7
16680,2
16681,1
16682,5
16683,7
16684,3
16685,6
16686,7
16687,8
16688,2
16689,7
16690,5
16691,1
16692,3
16693,2
16694,3
16695,6
16696,2
16697,9
16698,6
16699,7
16700,1
16701,3
16702,3
16703,7
16704,3
16705,3
16706,7
16707,7
16708,5
16709,1
16710,3
16711,7
16712,3
16713,1
16714,6
16715,5
16716,6
16717,1
16718,3
16719,6
16720,5
16721,3
16722,1
16723,9
16724,3
16725,9
16726,5
16727,7
16728,7
16729,6
16730,5
16731,7
16732,7
16733,7
16734,5
16735,5
16736,3
16737,4
16738,4
16739,2
16740,3
16741,7
16742,6
16743,4
16744,3
16745,1
16746,1
16747,3
16748,3
16749,6
16750,1
16751,2
16752,2
16753,8
16754,7
16755,3
16756,6
16757,3
16758,6
16759,1
16760,3
16761,1
16762,7
16763,3
16764,1
16765,6
16766,1
16767,7
16768,6
16769,0
16770,1
16771,2
16772,1
16773,7
16774,2
16775,3
16776,2
16777,5
16778,1
16779,5
16780,6
16781,5
16782,1
